id,x_px,y_px,peak,integrated,background,response,fit_residual_rms,localization_uncertainty_px,sigma_major,sigma_minor,angle_deg,intensity_class
0,327.1806388348474,3.402640129603682,0.7392132035127335,11.96412822845944,0.12581367676909078,0.39560640863638297,0.010250085954838423,0.035005021325249804,1.7113386337931566,1.3734515452833311,-149.6573208952702,1
1,62.644823796124605,3.8810210036187844,0.5205864329371772,9.45740883320501,0.15484939688761346,0.28106925285828954,0.005256852088324795,0.034070591999298384,2.0753975290854902,1.4603268334899522,-146.68583592785888,0
2,510.78034676543996,3.8862624379241995,0.8752651451854723,14.451132731387508,0.12581367676909078,0.46279943733196305,0.009813008293083916,0.02388013802956579,1.731446171845148,1.423056416696446,65.68799227225936,1
3,381.5604991567604,3.957761161687843,0.7113938860708895,11.829250367466928,0.10644875294556824,0.3626762436585592,0.00936866537676096,0.03212656855599053,1.789956638839541,1.5052448532999088,103.19841716811679,1
4,196.6246808092726,5.332873683587078,0.6707082366556898,11.296679965469774,0.11613121485732951,0.340001183412858,0.011664922838492445,0.045810081270829105,1.9923917324876979,1.4401158653507875,50.22262572963477,1
5,10.770417566549439,6.179847922386685,0.6725679994944985,12.276731760808195,0.16775156902545438,0.32932665200470856,0.00971567254903194,0.04075578019308986,2.3152845031270965,1.428997229944223,-150.17368746525239,1
6,279.9698407119351,6.323102326784792,0.8280496861266089,14.819112946501482,0.20322670959613634,0.44608802467921416,0.0161287869966586,0.07210446791906962,2.4688459683019124,1.3013993936133865,-153.46771585836953,1
7,462.4830087551622,6.352241039348226,0.8843210865712543,19.373463054991717,0.16775156902545438,0.5603908460179423,0.011321025146572752,0.035136169378526164,1.9829233722047062,1.5611970454207391,51.813464311471165,2
8,172.799817125282,7.119054605232811,0.7621369590420106,13.058024777770001,0.12258230092624997,0.41456758744571665,0.010015539897474527,0.029767620880797367,1.8731596731999893,1.3868394402136595,55.37489065052266,1
9,120.50653992584634,8.004070733785825,0.7414565968366021,13.19037119992534,0.0935465808077273,0.37039537167059555,0.01091255992762506,0.0375690134679615,2.3099524224982075,1.4076230352801242,-140.83532924600803,1
10,360.63356948835843,8.829192016734238,0.6365112519158695,12.66501014908658,0.10321737710272742,0.3644799710528545,0.008307393616257031,0.03465674560073907,2.0274502639292655,1.4477206027618,-141.82263551474918,1
11,544.0218909842556,9.21377371788798,0.9088877777876118,15.835059844613983,0.13871584890693173,0.47902376849193196,0.009704170757794532,0.02339759638182311,1.6974585330622811,1.5669608463042504,48.81552198986556,1
12,414.28692468658187,9.443633594075894,0.7314379980314402,11.31042206201442,0.11611954924056835,0.3827107737765759,0.012979997533549887,0.047805123536166776,1.763715204325893,1.4029087019443258,-139.15800014088418,1
13,229.74535631833388,9.673579376192992,0.71608652733452,11.851753342199203,0.11289983901448869,0.3802103022902649,0.009833703784645122,0.033191381611149026,1.7681120901656229,1.4393136512294897,54.591423262822744,1
14,310.3427155151812,10.75346869198808,0.827331102788819,18.45115606262103,0.1580691071136931,0.4940791773738607,0.0179454654014381,0.08422130984634407,2.430486634075193,1.3285040657943168,-148.2393330488393,2
15,494.46559485991634,11.288490061838745,0.8749292449355522,18.50333636639369,0.19354424768437506,0.5752201215808327,0.00956348388257526,0.03361089420359451,1.9783662056093174,1.5318742212651197,-159.6233907298311,2
16,44.0614250123363,11.612976784770936,0.7547846566348406,12.1835351485033,0.15161802104477265,0.3872918555652656,0.012600310970244593,0.04480092927872636,2.21165642017715,1.3231975282175215,-147.38225738001833,1
17,206.5161744877078,13.20911019616949,0.42812136333306694,7.657730804227619,0.08387578451272719,0.20490799438743168,0.0048571789775544655,0.03237727450203114,1.9269105512025935,1.4344325792710901,-137.44254765655617,0
18,393.12910563977925,13.709073225342062,0.6133900950767248,10.181050372133175,0.0903152049648865,0.3211251213986566,0.007947383203559373,0.028799225211903215,1.7307714385684299,1.509878033587417,46.20240135737437,0
19,154.5253292185647,13.712854849860483,0.7230368458078626,13.25825342385852,0.11935092508340917,0.3691164323624403,0.014400948777063776,0.05482363768110519,2.4632405476895203,1.3919492869544061,-136.75114438016593,1
20,126.2134263456103,14.000375382522634,0.8465771874672622,12.59355824642449,0.16773990340869321,0.45875376626160225,0.010330195480295672,0.02839483738980997,1.9187297924827043,1.3562845411905722,53.31900360302157,1
21,262.9102617134591,14.373958283600528,0.8018787096149588,11.506684398404145,0.11289983901448869,0.39967127411678993,0.013172385482501605,0.039214149127674625,1.7930646144750892,1.314501914252516,48.54057395359417,1
22,446.21981656027043,15.620720420367338,0.7454306141946264,11.835596462984999,0.0935465808077273,0.3939066479630345,0.011764769893870177,0.036437814885898784,1.6084158096651502,1.477815066142086,62.4090618038788,1
23,527.2599168305549,15.841183623276708,1.0,23.945124938755512,0.2354821399407387,0.6865394368293816,0.008245483942218506,0.02279316094549448,2.083334070413177,1.522540629450181,161.61107505034906,2
24,77.96065653856897,16.292107297830615,0.7542523715490468,13.283474487296141,0.13871584890693173,0.3985995452248199,0.01077708344575466,0.03575682575347329,2.3208823068106152,1.3845303743155342,-143.6207278906814,1
25,343.6681572181757,16.455058864747574,0.6929434149689351,20.03243041459602,0.1258020111523296,0.470098056286645,0.01668683026934206,0.1118299603647399,2.5739035435270274,1.3165910829130398,-148.05864970522535,2
26,238.45170232056105,17.950176212478745,0.6447421663373126,10.838361214157393,0.14516693497585217,0.3461991769941662,0.009920962714334824,0.04509096452289594,2.0280158482373754,1.2802839546457108,-139.76331374661063,1
27,426.07593311158706,19.423284514514194,0.875045478798964,14.277933319334592,0.10966846317164788,0.47411676011177795,0.014025422215491799,0.03678826952675855,1.651522645409389,1.4833798678760037,179.0232974050903,1
28,160.13112494977594,19.674386751088033,0.7959265550133063,14.22863442290194,0.12581367676909078,0.4243389596308712,0.011120263366509526,0.035355252707875,2.1205343457614694,1.3812475998703728,48.03787049676174,1
29,295.9570869828637,19.744897962912876,0.7642751725450921,10.296959940272043,0.11289983901448869,0.37460686693406064,0.010200000697091332,0.029859889956817945,1.6548628549821758,1.3510537250955525,-147.0390179386894,0
30,478.2742956780144,20.082269030536473,0.7892476068957125,11.809792118709316,0.0935465808077273,0.39917130385196364,0.012211625982694168,0.034403367871816116,1.6480868351413176,1.4963933570380732,78.06346749008763,1
31,108.31795469073906,21.030942741673275,0.8010379046707025,11.458062107743636,0.12258230092624997,0.40460182568873315,0.011193439986198428,0.03236729267955226,1.6104452327470202,1.4962502793090005,61.427923362185574,1
32,32.25046080347893,22.017320049958958,0.7146527793887738,11.419262266396023,0.10968012878840905,0.35419956728352675,0.009669526305417266,0.030836308091052936,1.845933257260488,1.4066163201150208,-137.28726437493947,1
33,377.4003171716987,22.236012971815878,0.8594082099958006,19.780756398590796,0.21289750589113646,0.5978803417255427,0.014369369334921528,0.07223813282626955,2.2475825773865004,1.307128524321945,55.98457713947708,2
34,272.21865706256415,23.390047270331696,0.7224810486812501,12.607008702550104,0.11611954924056835,0.3901464670406786,0.009085712594549695,0.031672559307818586,1.8832200793023526,1.4010302739292968,-144.99668912528475,1
35,511.1000648888114,23.675618525889913,0.8249508863696438,12.51017241781573,0.09676629103380696,0.420402742310509,0.013533408437094451,0.03619367085507891,1.6916265377892832,1.3961643600171159,-138.54388509686555,1
36,220.18484779919865,23.957152219302703,0.825121524095163,13.748489302629428,0.10644875294556824,0.4244085387454217,0.011436555015841912,0.03035269055525753,1.984333751916482,1.3755804524385684,-136.04461122284164,1
37,193.65049977024648,24.477636195574934,0.797899705222374,14.941835234828865,0.12258230092624997,0.4237652946864659,0.010871712261783913,0.040053639781429694,2.3717283695185376,1.328261868417234,51.56390125875261,1
38,458.87678369974674,24.91052061620977,0.7716972266545505,14.006322764284548,0.10322904271948857,0.4293754711185318,0.009033355833389347,0.025284118423093808,1.8435412876652415,1.5109751921934615,110.28576508203462,1
39,328.6632369326551,25.06227934459913,0.7964660720884534,11.513007162688691,0.11289983901448869,0.41372736754842054,0.01237148475596977,0.035582333029537005,1.718584321147776,1.305898260837218,-140.50825031335006,1
40,7.530605254360152,25.26695989494846,0.5631953347515262,9.75471874197989,0.19032453745829542,0.2905098994513212,0.006959736813947068,0.06194639640336771,2.308723103048153,1.314999241863763,57.05352037801787,0
41,408.1451041176041,26.08854182216265,0.9074885775094523,20.186929842980803,0.14838664520193182,0.5395613095729741,0.020547274507497708,0.06663548322711622,2.529339363883011,1.3090682017326754,46.024461897562404,2
42,117.07694625158014,26.312321574174025,0.7082180941802351,11.59640465691421,0.13871584890693173,0.38101776468935966,0.009991319993954414,0.035939752014032995,1.9852970143947593,1.270010861539473,51.21351378578385,1
43,142.15639156889338,26.94544033150839,0.8943102299035798,12.509554140127388,0.10968012878840905,0.4378085240301139,0.012049357555705227,0.02891444113009798,1.6254090393827718,1.482868137832855,-145.31319765938116,1
44,65.64037750918217,27.567436656799043,0.7155672449239286,11.741723244907957,0.09677795665056811,0.3719134818361154,0.01229015790242347,0.044163181011111934,1.791620119890899,1.3414595500552617,-141.8180545056302,1
45,543.5629330566842,28.07985926333366,0.851502245352224,13.012482209934438,0.12581367676909078,0.4216813255832157,0.012677888069032958,0.03570949969610305,1.7018270248652116,1.4303227494678004,53.22468494777577,1
46,306.03346434932126,29.00710289800917,0.8101163202373496,14.300226312965167,0.11289983901448869,0.4507653855370415,0.008927238430599244,0.023253779500031758,1.8920033455263443,1.3854956085194712,-142.95502267925917,1
47,226.88595471701868,29.011957382875803,0.6705718701679648,12.33832621730711,0.14516693497585217,0.3785083800613208,0.008132574440355934,0.02824034154004162,2.089306171342525,1.3947873055561364,45.26149098188349,1
48,360.0395415378311,29.813460773696672,0.7967587986293266,11.800447959683627,0.0903152049648865,0.40484224415151265,0.011182725872935284,0.02916326974849039,1.717857602591796,1.3922504690465858,-158.44656036272028,1
49,491.31309249430007,30.261456988003232,0.9251789866112574,16.103567345605562,0.07741303282704556,0.5152179063472179,0.014416965636191182,0.03370278024616147,1.5810831898086424,1.5317963378823956,161.08867153102216,1
50,254.49544530148336,30.36950217334126,0.7870613730500955,16.548423975175567,0.09999766687664777,0.44041195828920177,0.010146929742923808,0.0360970566787138,2.103077243478943,1.4402332120753196,-144.07871922780126,2
51,40.495810897201686,30.716787159152073,0.5899657523131179,11.04149459881944,0.15161802104477262,0.33399564352437766,0.007284191739887877,0.04200234711983365,2.122603915957072,1.346458010332634,-135.31567138191605,1
52,175.8071674648545,31.80810160622599,0.7800916752820195,11.936165745082944,0.11611954924056835,0.4051619357475099,0.010620273692463496,0.02952592053127396,1.7300612276864504,1.4105751058678728,-146.3403546118755,1
53,441.34471920304986,32.10227696799832,1.0,18.861377476027158,0.0935465808077273,0.6139937674378575,0.013605907637718299,0.027400028760560288,1.686182012236909,1.4627950799160343,-140.85614021996744,2
54,150.94469507354148,32.4221529252231,0.7817679661315009,13.27731504164625,0.1354844730640909,0.42854271440553915,0.010802061706366429,0.03462404172621681,1.839988221126082,1.3761153349514816,52.55783623695578,1
55,99.21029735287333,33.11231923469846,0.7852683605906632,12.883530482256596,0.08387578451272719,0.4058026297050672,0.010671154332947656,0.028022807643380727,1.657914696389242,1.475610341885233,-145.3447874604299,1
56,339.328240521214,34.823984932684944,0.7389324330582525,14.161148829938638,0.10968012878840905,0.4252167644237195,0.011314236496731833,0.035990889980751506,1.9535898687766908,1.4124767349599086,-136.32010646445514,1
57,523.0879187341422,35.20778862800986,0.924989976703653,16.181120365833742,0.0903152049648865,0.5084123641174298,0.012368317791618327,0.02729226529361382,1.6871446911203878,1.5351826436732803,176.21149965782487,1
58,73.9950191079712,35.25875759579225,0.7155510303820287,12.01864165558433,0.14194722474977253,0.39282675947175755,0.009455924642958857,0.03441158363863445,1.980939041506794,1.302114663074309,-146.74638626839996,1
59,288.2731152352383,36.01948555718564,0.7933056139486221,16.716362194069198,0.11935092508340917,0.4364530029795532,0.014128769153131595,0.05000697439907103,2.4154133058807594,1.3483924948808421,-143.7213836762105,2
60,393.21803166547147,36.081005337002466,0.8847846795190596,13.283941111966588,0.09999766687664777,0.4548435463229925,0.014607020151845743,0.035567354878257615,1.7771932739740544,1.4384570501507388,-143.76522741124057,1
61,209.0359322276203,36.627483071410076,0.8487873455848628,11.141550593779892,0.13226476283801125,0.4158428238835777,0.012983122149156564,0.03631803159876418,1.609756691753513,1.3657693998958456,-154.74371780203094,1
62,474.0991989769025,37.22874506427066,0.9995605851620788,20.129511677282377,0.10321737710272742,0.641248222589843,0.01223464754352079,0.02334617551152788,1.7288978628413225,1.505563312771922,-146.514429106949,2
63,184.64000438209627,37.39203192627715,0.7824472242001623,14.051422038683185,0.12258230092624997,0.4248939341071962,0.011927972450767273,0.040895023993994924,1.8954212091956828,1.43009760584575,66.08759166781381,1
64,132.64875426279855,38.98562687793137,0.8196178070299469,13.096917944051704,0.0935465808077273,0.414232028331685,0.012286140745511116,0.034415882048329835,1.8317106629522222,1.3939709887773872,-142.37969549399597,1
65,372.03912214258276,39.289350988460306,0.9777946339681757,15.313081822635962,0.09999766687664777,0.5231899482589932,0.014913321923341773,0.032235381028606604,1.65029123124407,1.423978698118283,-149.1797443834662,1
66,106.32659353092886,40.28830881541972,0.8308028715741032,14.825692354354775,0.10968012878840905,0.4615740698475717,0.010527058294901344,0.030458603131926214,1.8026220419129229,1.4318996841505713,-137.04113498696864,1
67,426.0209758037141,40.723480033249096,0.8371679904096916,12.619024287814097,0.08387578451272719,0.4268125695546883,0.01286476098868085,0.032902227273987714,1.6061451475000639,1.5045613373590088,-159.9124137573031,1
68,242.4265431172426,41.247288211698525,0.8014238858562992,13.36774690277875,0.08709549473880684,0.41283807638434133,0.012717664269287395,0.038343954879332794,1.6879381312417914,1.4448457866155637,-137.02303974329809,1
69,29.16549202261072,41.28478611845795,0.7803881668157342,14.238328550430463,0.1580691071136931,0.428279968047925,0.012776364931252874,0.04767219543815318,2.34426811239757,1.2496536134502783,-139.08861297498083,1
70,321.9081720869213,41.8075996355202,0.8756810961498681,16.419238935162504,0.12903338699517045,0.49719898304205457,0.01365267108471107,0.04035886325935123,2.1427154353206452,1.3307115233426106,-147.8258506068403,1
71,506.7527183744565,42.823583576925515,1.0,22.389958237091996,0.1580691071136931,0.6980422805587028,0.012380681618984354,0.02692198105940082,1.8670804994827341,1.5185690964361165,178.17478894377834,2
72,56.26388635987763,42.97726581589461,0.8793588058451522,14.993070623643874,0.12581367676909078,0.4581117938822653,0.0135676300967593,0.03653952791346509,2.21367232945986,1.3254871121671004,-139.9849194353022,1
73,217.64187954415803,43.022155182793625,0.6697541427915616,11.37339306129115,0.14194722474977253,0.3567143332153637,0.008780811681065872,0.03552533358004763,2.039841738419441,1.3187344025966627,53.63158191508473,1
74,456.87185830296085,43.93869000341361,0.74887086661047,12.380205781479667,0.07097361237488627,0.39571080960629723,0.010009261993977047,0.027255466374287964,1.7337143509789679,1.482290294689606,167.40465967253832,1
75,166.33544526780491,44.60586006343459,0.7857196415077131,13.95487739436784,0.08709549473880684,0.4047088849468077,0.014259469806334588,0.04430515757918435,1.8971513988002282,1.4767128865434298,-144.30475023644925,1
76,405.2473813014539,44.651776502970634,0.8830340218842373,14.432701056904877,0.10321737710272742,0.485287227790416,0.015427163273120229,0.03986894602450959,1.6258216063969206,1.4549079468780794,50.00684638066529,1
77,139.60781533289818,45.78700322753153,0.8192602755909614,13.709666130048294,0.12258230092624997,0.4438798196052275,0.011785689755318084,0.036386720123900984,1.7612878472042686,1.4207869552838792,46.61239683107291,1
78,275.2228327572657,45.86143662786285,0.7859018274435647,13.400410629709992,0.0903152049648865,0.4162551751930742,0.011202499277960153,0.030339035045444846,1.7408948125335688,1.5018032533334225,-155.43064808242184,1
79,539.0637354019774,47.23545811585729,1.0,23.115559599636033,0.13226476283801125,0.6970466035895336,0.009994531557184067,0.01916300225705445,1.8137726380065353,1.4937975133061019,-166.5189487044978,2
80,355.31822221089516,47.75228924631334,0.9113611062213826,19.921793705233195,0.15484939688761346,0.5802585138835992,0.012180401603592794,0.03969568120829607,2.1250588840955045,1.4000842983751534,-157.86050479853057,2
81,89.02032465088432,47.90399999298751,0.7842496147098197,13.051550360467559,0.11613121485732951,0.4018272428986958,0.010232822366705238,0.028816400264724953,2.0050636837652576,1.4912490925349062,-145.73516349594803,1
82,10.973543449584065,48.62307648771254,0.7831899624892513,11.934719208604559,0.14194722474977253,0.3923056120222151,0.010830191221185925,0.034171439612270274,1.8112851753814425,1.3400738589966743,-139.00731852378775,1
83,251.15454056935593,49.10557807513568,0.8379701934432552,13.722824945754882,0.11935092508340917,0.45195185750304046,0.009996257252366062,0.025550336644157706,1.787192292909297,1.3962367062921266,-139.58395123502294,1
84,490.05966792670046,49.54571919210127,0.7732944431735109,11.922470311005343,0.07419332260096592,0.39628854740231123,0.013001076806337714,0.039166307195416944,1.5979178968331187,1.4702868062801018,-162.70230066874822,1
85,199.65836880072152,49.93112947704781,0.8683834859940393,14.019108280254779,0.09677795665056811,0.4310931273826813,0.016361459804422048,0.04364248710855255,2.003558569396212,1.4555583000718835,-140.84314261115404,1
86,308.39386941924124,50.81780820856467,0.7498575880123287,12.851800004666249,0.10644875294556824,0.3975731903795413,0.011716930847706747,0.03914674061752505,1.7971284216800154,1.5178303762209662,-170.11242885719503,1
87,438.40489451122005,50.88235393870547,0.9614040487503064,16.154756071953525,0.08709549473880684,0.5335497361952238,0.015452124306581027,0.03615455582094928,1.6490627285792854,1.461147557814726,51.926245113534,1
88,172.89259111425602,51.00013486357573,0.7953496046177524,13.518874967919555,0.12581367676909078,0.43101591779726056,0.009225977636092134,0.02547197868870336,1.8858441478514678,1.403577667412389,48.82255068635958,1
89,387.608784417872,51.88327682218087,0.8678945355635772,17.135111173327736,0.15161802104477262,0.5076336819226965,0.02072880246724134,0.07141653682577412,2.361681742129327,1.3050928186199575,-143.22496606987588,2
90,95.7986484815308,52.06910914702658,0.7121499406632513,11.973437390634842,0.14839831081869298,0.3807548230805002,0.009466786873177008,0.03414393687609959,2.1468645910630997,1.3191658458280535,52.193555320949,1
91,121.77052139008987,53.08614203431806,0.8208986710592215,12.096404656914212,0.12581367676909078,0.42231883699149847,0.012696575234818937,0.0339241030184203,1.8821411845529654,1.38449029132819,-142.30842094781417,1
92,44.51634701657085,54.39748574514647,0.7446912995850485,12.194022537971584,0.0903152049648865,0.3781233017725365,0.011996126997772714,0.044928398934372074,1.725000029408836,1.4110833040647037,-138.0070696740096,1
93,284.5493571613134,54.42204199928646,0.8418816331772978,13.81276685098341,0.12258230092624997,0.45356650191361225,0.013101357430733894,0.04538828665063653,1.7476418075156626,1.3770241342564458,-153.30524724866257,1
94,338.8493662052187,55.080337179716295,0.8007734441178912,12.116166211707613,0.08709549473880684,0.4100080407053352,0.010414361682889433,0.02690104409896953,1.623459568780135,1.507434131853728,51.34025433319453,1
95,522.6793468256261,55.15289545010581,0.8096724079228466,12.535241828235458,0.08387578451272719,0.431090901223506,0.01306023436112121,0.03484572053390579,1.5447471752060484,1.510353287300047,-140.63731062079125,1
96,233.09446893308012,55.726639478831764,0.8589989459846886,16.380555749982502,0.07419332260096592,0.43675675497446165,0.015979209619876675,0.04299237258727128,2.2895476887738857,1.3547196118301688,-136.7746102639547,1
97,206.16275858542755,55.83750818337948,0.8325863168901451,12.515363617274446,0.14194722474977253,0.43317189285631486,0.011430628130307085,0.03183343995911736,1.8697315193754112,1.3255333935093945,-139.65301702783074,1
98,470.7159275737331,56.287038497771526,0.9394022172532351,15.760901518863303,0.08387578451272719,0.5262636414588403,0.015431228420385633,0.03536704344892628,1.5944593194083017,1.4677561586528824,61.06175414197044,1
99,20.13288465650549,57.161001872486864,0.5954570484447707,11.786449219570239,0.15484939688761346,0.3257948911711123,0.007270763802857586,0.04314150790651333,2.4066014841443417,1.2662416858498495,47.45325278746589,1
100,420.7072155259307,57.29807021969802,0.9988740231474291,19.974568955460676,0.07741303282704556,0.6147688389922699,0.016496125193270834,0.03429463891948915,1.7339541236472371,1.5009289928767864,-144.62382448872393,2
101,129.1349514559575,57.74142326313333,0.8213776345150238,13.838011245654556,0.13549613868085206,0.44724486154033544,0.011114784947876061,0.031906319047395285,1.9212534042773188,1.3653725594460082,45.67711440891974,1
102,155.18785113317261,58.13454388925127,0.8764869775967946,13.029140710669374,0.11289983901448869,0.4570950487807588,0.011756713983499886,0.028217425973670017,1.6569607128772759,1.3759607350930807,50.55031613022963,1
103,77.64610807602908,58.91841839827495,0.8042731217818226,13.032197102260795,0.07419332260096592,0.41582797580146125,0.011683393199994898,0.031062701059780356,1.6353608537005326,1.4235135820184408,47.445542268394284,1
104,318.2629565512541,60.03851039425242,0.8500152277652216,14.193742563169316,0.11289983901448869,0.4613015248025718,0.010330244180822278,0.02764507172637171,1.7733267635566068,1.4413446532903644,-156.07307087451485,1
105,239.33979064801002,60.164355753454124,0.7193655389500359,12.925433377662678,0.1580691071136931,0.3974219371983976,0.01059574415247559,0.04142261150772791,2.349278664242166,1.3702192530011694,-141.90940649045018,1
106,372.94526518644483,60.686880608889574,0.8814431107391894,12.648409976435454,0.0935465808077273,0.44517847352617385,0.013338978488488945,0.03264026666433657,1.5939930550030028,1.4337323810030884,-156.53926216616696,1
107,503.3854071316896,61.26043820254259,0.6199723407131146,10.702853409859777,0.07097361237488627,0.33087113902280973,0.009984162824668708,0.03802019517539171,1.7732851238556564,1.4564479129235233,-136.9869125808772,0
108,53.385396188293605,62.077291398872624,0.5632074957291698,10.470964279881478,0.1354844730640909,0.30139303714963767,0.008896048965457422,0.05124262732056384,2.3177737782630583,1.2866805430910633,49.48324038994076,0
109,162.84875642423629,63.142150700213065,0.794513367588157,12.664053568512166,0.13226476283801125,0.42514373083594725,0.009587580144328178,0.026559961665333778,1.7971503895955139,1.393240401002978,50.75279128058477,1
110,188.6147193498741,63.2652356219084,0.8187270995700886,11.870534985184666,0.13226476283801125,0.4159161078468,0.013074837146905835,0.039615325278766635,1.7842821209847541,1.3760733328620505,-141.95606108071883,1
111,453.3135991886423,63.26630251957076,1.0,22.155059377989314,0.11935092508340917,0.6914041279721705,0.013128131814002774,0.02676346980594137,1.7312885315696311,1.5369907945506072,151.3984538473551,2
112,271.31389230280973,64.26065290445253,0.7662862525469677,15.541844567322272,0.1354844730640909,0.3926788976375192,0.021516462651370718,0.11825795810427653,2.8499570878976894,1.3125226466414095,-143.11949454269697,1
113,2.6588213714207924,64.42899213423496,0.6219312368689489,7.842047549053918,0.26128648421642053,0.31928644699093983,0.006231642002799466,0.04026972364226563,2.054645044327534,1.3675462468252728,-137.65566056538756,0
114,111.01270652921873,64.5202851017087,0.7826554249495901,12.786787522456313,0.07742469844380673,0.39111822274145225,0.01179847847451655,0.03650734988891203,1.717584328572046,1.4329733092900236,50.02036767685416,1
115,404.83636618823454,64.98074984828534,0.8001294167776589,12.171122932269428,0.0935465808077273,0.41419801729844524,0.009915108924517184,0.026159441861285437,1.6161793491803362,1.5204936872466255,-144.9523529450049,1
116,351.1156289227379,65.03187200124488,0.6111689456600521,9.361727444529992,0.07741303282704556,0.2971915522172317,0.008012409534866318,0.027272641735227324,1.6994208209235377,1.489523165861568,-137.1821047554436,0
117,535.1767794287917,66.25786006972373,0.9300470775346452,15.393574578287954,0.09999766687664777,0.5182349190261628,0.012290202811321005,0.028360769725029905,1.692063093013849,1.4376994141326171,-139.92158225889034,1
118,86.55921531719628,67.47036083522912,0.6870743265569494,11.935045845873871,0.13226476283801125,0.37439187662050444,0.009979435203138452,0.050949008238011524,2.015466660176928,1.2925898464425403,48.37509104539634,1
119,486.821890779067,68.12039101766025,1.0,23.709432817713072,0.12258230092624997,0.7038779479876657,0.012340421882207141,0.024854804174022024,1.9405782349790097,1.4522801907703078,-141.64092943790433,2
120,221.86551784294852,68.14366355269787,0.8525401459144537,12.099589370290007,0.12581367676909078,0.43333324008398677,0.010696341063008883,0.026807441329138117,1.560357292420249,1.4750197205386202,-145.3968880812548,1
121,196.1652351223193,68.85062065970466,0.8765301019442471,14.774830265276128,0.11611954924056835,0.4682793575260827,0.01329849270220529,0.03341066960454884,1.8809272878456655,1.396441356723106,50.58794234088422,1
122,144.60627487110295,70.03361038134594,0.8230949615630941,13.45490072560136,0.08064440866988637,0.42030370446752907,0.011544230341665292,0.031265354880725876,1.629306376125951,1.4887045591260792,-147.9343347996884,1
123,304.56652100381564,70.0437591191751,0.9700496584421758,19.17363103987308,0.11936259070017032,0.5288048561993098,0.02018408866414409,0.056059292320563996,2.3205330334437955,1.4352145504069644,-140.0874833659478,2
124,383.782991593671,70.25448119861932,0.8853511126519937,15.48428641422272,0.10321737710272742,0.49854787564422687,0.011367974942751526,0.027593185853533455,1.674158604498927,1.4816949395763823,-155.36764320573337,1
125,36.49120049727967,70.29716149885184,0.7397304693148204,14.238865168801475,0.11289983901448869,0.40614577852401434,0.009490811523686476,0.03728555698792217,2.08057475288435,1.432422450283935,-143.8111014644429,1
126,436.1281329088403,70.49601724541083,0.7946181943098938,12.968036210074429,0.06451086068920464,0.4224221411798496,0.014154151837675558,0.04090694845718395,1.5867626041483154,1.4849324296652167,159.38960791385398,1
127,119.16053156144145,71.76701076297694,0.697130279216672,10.44560322904272,0.0903152049648865,0.3390955079076168,0.010691255389840624,0.033786190186426264,1.7502647996846148,1.4011588106896864,-139.40222356745753,0
128,255.05963683883851,72.7008746191162,0.8202709866996888,14.067917220783462,0.09999766687664777,0.42339144603946205,0.011841068092770385,0.0332249321655745,1.841549322143124,1.5087548446990142,-147.9848031052372,1
129,517.7826343416009,72.75925408995556,0.9983114663130576,19.083969109446816,0.09999766687664777,0.6099556729062828,0.013303842056493178,0.02855851785552663,1.7731744694203797,1.4584719841886464,-164.9895647773509,2
130,335.22249554684663,73.10870629703746,0.7533665729015753,18.94199855346352,0.21289750589113646,0.544745430901575,0.015453224684326918,0.09785349824828947,2.37775141944178,1.2945989346669993,50.890583453734656,2
131,229.52783526087717,74.32531730047695,0.8683743624997018,14.368330183616807,0.11611954924056835,0.4638845025444968,0.014117335119025364,0.04291957287904476,1.7195554003519808,1.4133277599248557,48.34737275913611,1
132,469.3995786170802,75.19729747732796,0.81045029728858,12.452019318261355,0.07741303282704556,0.4201509643913019,0.015003162846715342,0.04381580525150179,1.7104786848575582,1.3647048574418656,-154.43261227402795,1
133,178.08641653337742,75.4431102624757,0.8148295554342347,13.722521639719094,0.061291150463124985,0.40178544284288475,0.013072468215597696,0.03669510893195363,1.6891016128337066,1.468183193842218,-162.48583034487672,1
134,417.46379534860716,76.02402526749977,0.8687537466141909,15.942325190732832,0.0903152049648865,0.4876030175120122,0.012139899000256273,0.03502977366420227,1.8129773618507405,1.4251875383271837,-156.30496656153917,1
135,72.17637702158474,76.73481269782171,0.6986261235078013,16.547887356804555,0.20645808543897715,0.4342198882915664,0.013854319748576273,0.2204416548793094,2.7792783505084997,1.1884243683646425,-146.56365488462785,2
136,286.7268978410644,76.94307788674975,0.8370249289790059,11.967476260469892,0.09677795665056811,0.4177362112009724,0.012321163649836698,0.03156685717531327,1.606455145527064,1.408872438059673,-171.81819658664125,1
137,152.48162591423215,77.72256204000823,0.8608688045598767,14.503091388441707,0.12258230092624997,0.465109477274238,0.0129778256494378,0.0402659604335777,1.747066078174196,1.4585958890460853,-145.93799673926048,1
138,23.50435802385837,77.8610160177633,0.7121882444796599,11.671356244604652,0.0903152049648865,0.36921179252960656,0.011017241786047644,0.038191617023693565,1.677093555277598,1.4172429153428274,-143.7715482364096,1
139,550.8750706768589,78.20917302753416,1.0,20.39357457828795,0.16773990340869321,0.636848271045415,0.0116503278537659,0.02476699984539455,1.80313225883653,1.5329586349106665,150.6866281107558,2
140,369.35311170684946,79.0845757832239,0.897494984689419,18.783474487296143,0.1774223653204545,0.49576526199854554,0.019044210756768362,0.06712543288319188,2.874152047203432,1.3221602059292463,-143.14558311930458,2
141,502.90623808985725,80.5559627218399,0.7710294036041823,12.56095284757705,0.07097361237488627,0.40558897112672765,0.01196620285843821,0.03526817295391355,1.6845660399406666,1.4149761602564632,-149.50419993402988,1
142,263.3058730329296,80.5911179276749,0.8775558494341451,14.925806677399034,0.09999766687664777,0.46551199194522924,0.01455292055889994,0.040269546844600636,1.7387709784323586,1.4176984170963454,-140.3554032424888,1
143,211.39982174182467,81.26928986040843,0.7750350430085359,13.835526469284432,0.08064440866988637,0.40219857641649226,0.010714485004316545,0.03219095619116696,1.757625616585012,1.5115436392394768,-135.30377277057036,1
144,449.7694503107578,81.28878454566036,0.5223966859409084,7.4003872984764705,0.06451086068920464,0.25378801576935317,0.00882538134656882,0.036958442040580776,1.5626410847257306,1.3998740327179524,167.52430274946587,0
145,185.88538841722914,82.65079158216047,0.8023308242967468,13.477380369100114,0.10968012878840905,0.4299484225298951,0.010635883185690339,0.030938109783458137,1.8033152520070013,1.3745054766410973,-139.98916217850262,1
146,319.3786694267653,82.77227757165193,0.7938181767427708,12.297193252607265,0.10321737710272742,0.41263314859522626,0.013226873313154234,0.03900879059739743,1.6224771395246185,1.435573134717623,-162.23986190702215,1
147,400.03758269583705,82.95551057469969,0.9888402311659975,20.676710762698022,0.16130048295653393,0.5841741721905657,0.014998819832155572,0.05417239311180218,2.299999662713719,1.3091250990942604,-160.0908474483549,2
148,107.25842751881844,83.25176292931256,0.828975058175046,16.25746016191876,0.19355591330113622,0.4566840919046605,0.021643545153522268,0.12042599257254567,2.949051217433262,1.1654392537420937,-135.68489007701407,1
149,55.796130897812084,84.21039706343151,0.7845492148969085,13.096754625417047,0.08064440866988637,0.4109545826931493,0.0122758205050969,0.03318131818895048,1.713651682116898,1.4212136859108029,45.088287323023515,1
150,534.662328033796,84.28301681400319,0.775721622408337,12.955367350271809,0.0903152049648865,0.4178167668262417,0.013631075864561724,0.041257249993662384,1.7452415836984154,1.5106326714345868,-141.40412767069978,1
151,134.39145541310492,84.33766908351004,0.8241121848006582,13.826368960126922,0.10321737710272742,0.42418343500983813,0.012100668911505352,0.03726135526981806,1.7928963589758493,1.4399026628981006,-147.47649993284062,1
152,296.16540510581683,85.76851946103248,0.9491588276064095,15.503698000513285,0.10321737710272742,0.5081888699579338,0.013600631396512988,0.030651477964240812,1.6961579079323847,1.4286799172041151,-159.54782518463836,1
153,482.095950803777,86.66924865537766,0.9798469206692381,15.948018011712279,0.08387578451272719,0.5426114444134733,0.014692999582863391,0.03125978426571774,1.6284616636580482,1.4085308523941829,-164.09210252194896,1
154,351.586724179229,86.8947943370889,0.8665546486159368,12.439187139824083,0.0903152049648865,0.4314501809932771,0.013432871205266695,0.03589222995787156,1.5824057434493666,1.4117215043648617,-145.74617583721496,1
155,245.04369950779898,86.95092567753083,0.9045604605243915,15.14243718065374,0.10321737710272742,0.46140475133846326,0.012176650975730084,0.02858555531881693,2.0236961617963476,1.4475201925824734,-140.18361685451433,1
156,218.91933521748348,87.39055792507207,0.6876110429337619,10.573925013415458,0.16452019318261357,0.3589155224818099,0.01174060440714607,0.052395046921151676,2.0463867037581585,1.2416502555433173,50.54521717583687,0
157,433.23638027136434,88.04951555623387,0.9986814445617505,18.548610625043743,0.10644875294556824,0.6168794899987415,0.013246187777983918,0.026146660631443594,1.7457961275695848,1.419947275530049,47.49324490272803,2
158,141.18059580405213,88.96220201201872,0.9680564510313462,16.493817223116586,0.11935092508340917,0.5156540772580981,0.013801002634907727,0.030840800459780625,1.9791720116914298,1.4192142759325341,45.99199870694016,2
159,33.787835382634206,89.51130183126476,0.4819335239602231,10.183523482886539,0.14516693497585217,0.2747504161450405,0.005920504195340254,0.08653414791608126,2.512431158921256,1.2654997275487878,55.64767627183071,0
160,168.0206169460552,89.59367732440852,0.8941119212352114,14.161102167471594,0.10968012878840905,0.4507857409333111,0.01553008427265936,0.04108544307386102,1.874777547976057,1.4835586922400903,-147.65202938998078,1
161,89.6197581497236,90.62658987884923,0.7620713189182403,13.755255360350901,0.07741303282704556,0.403732159848811,0.010821309427179415,0.035155646508913334,1.8098270912631165,1.4044081395738819,-137.5070227547707,1
162,329.98806015267576,90.77191935987793,0.8562734771236181,15.083642472177502,0.10968012878840905,0.47653502007918236,0.010173871286700213,0.025362010234517403,1.6957638579011851,1.539359024515404,136.56144998607155,1
163,384.70151933739845,91.01394770724596,0.846255860663388,14.235587130491588,0.06774223653204545,0.442129989752553,0.011661263834494652,0.028892222147875384,1.7075705448382654,1.4994173487239397,-151.14140265802186,1
164,251.47136818165316,91.47361444331256,0.8534108599834236,13.64475863838921,0.13871584890693173,0.4357520900453166,0.017589405853087187,0.06450770626171698,2.3182730393904687,1.279260308316338,-143.2423741469975,1
165,514.7949874428399,91.97933967928779,0.9448493916775064,14.915867571918527,0.09677795665056811,0.518567713636901,0.011652300241842524,0.025266148051522892,1.644925714157324,1.4263829200072455,-160.07342683780595,1
166,465.29319396596526,93.31184319761557,1.0,23.554023471220923,0.14194722474977253,0.6873677294506526,0.009906654433760403,0.026465913418601775,2.0087521374864643,1.4367225745565901,-161.49215754058707,2
167,278.521235356685,93.4058019493371,0.8063679228929675,17.222661627120225,0.11935092508340917,0.4479559391382919,0.011327661172300782,0.040571629773833925,2.5559521014027076,1.3074968596212075,-149.8794797407209,2
168,66.1588098062315,94.26139957993541,0.6726063472620006,12.706516413522783,0.11289983901448869,0.3703473194785267,0.007842405216921585,0.0291956861247943,1.965361017263292,1.4278286333369699,61.32009368173077,1
169,200.94978219063643,94.36413897532901,0.8050024732822683,12.161498798441471,0.10644875294556824,0.4034108229953226,0.01226479055669475,0.03471266923828264,1.6568628306829192,1.4505957271483043,-139.79201666009814,1
170,174.78715703048624,94.92627529627181,0.9119595358470678,15.425958330416927,0.11935092508340917,0.4915371515940426,0.011578632372215363,0.027650590252409443,1.852004641880704,1.4111241872303302,48.23563031950387,1
171,417.91059649534606,95.24819173285314,0.8401664684091686,13.031987121159094,0.08387578451272719,0.4405441054476772,0.012702655336835322,0.031428145460576096,1.6825568603448111,1.4106342101425766,-159.67545619577396,1
172,362.3407094193736,95.76993313483793,0.8543446613451466,15.222848276988405,0.10644875294556824,0.47913523519972595,0.012068173881905498,0.032307087811653576,1.731165503808502,1.4746049659012308,77.20356281286632,1
173,123.33794630835803,96.22435153094807,0.7713448446610093,13.164683511817268,0.0935465808077273,0.40402764391795354,0.010863275954707508,0.032444547680912025,1.7473112820602132,1.4684004104678066,-147.942204142251,1
174,17.38034047928217,96.61611128772934,0.7212061923007833,14.328760411562959,0.19032453745829542,0.4293799269227534,0.013866091039807696,0.07184038724629618,2.201861986006527,1.525270238502358,-168.31311477609614,1
175,547.4297279035075,97.44516703754638,0.8345493598159638,15.358204428268124,0.08709549473880684,0.4666886345371287,0.013731323920297354,0.041913612742673766,1.6778857594050058,1.5211486001033059,157.56156963790733,1
176,312.26744333173275,97.83248616420101,0.7701449033057831,16.239343459088683,0.10966846317164788,0.43724469106802955,0.013353183457555887,0.04397553888296372,2.2886351330840276,1.4030078208106638,-140.6381628736012,1
177,99.09296502119213,98.18038847362266,0.7756073077544584,12.212174237651945,0.14194722474977253,0.4235162325841776,0.008572712078931052,0.025113144345538584,1.770766865048809,1.3703311721960836,-150.7062476887531,1
178,497.98343175839125,98.92567485344414,0.9966825224240948,22.805977462028416,0.13871584890693173,0.6682899504611862,0.009812043246474016,0.021973737312503502,1.9959586808382108,1.4845668054789423,170.1369300055169,2
179,233.54803066541427,99.71605413952098,0.8571120529932839,13.145353584844031,0.09999766687664777,0.43656209464666046,0.014806958692937923,0.04335349314832598,1.697901511982592,1.3457360559175782,-155.50455583400688,1
180,448.1672544731558,99.85116390642516,0.8377428130427561,13.925643358764377,0.061291150463124985,0.44586640114427095,0.012483896881841386,0.02989925035836983,1.633228726975931,1.5299164189121148,66.0486931965112,1
181,208.36120232612723,100.61375181438777,0.8364887641947792,14.97110426728261,0.11935092508340917,0.4581141166720594,0.014656451962791008,0.0445791330731103,1.7911971302950926,1.412868557418342,-140.43526772241145,1
182,395.96910274966035,101.59434149410716,0.9985233914156262,16.606915377616016,0.10321737710272742,0.5645857596943987,0.015109658645175288,0.03251371463226872,1.5933843905413128,1.4484297962865877,-163.22908209988287,2
183,156.6545221663012,101.72650087856219,0.7834143267611278,12.502963066657331,0.09032687058164765,0.38902433689608795,0.013006217172347912,0.039318038720276845,1.8284273198848662,1.3895659049021407,-141.4901280040788,1
184,49.22194285273264,102.27080016172924,0.8435168566032564,16.205898135834445,0.1580691071136931,0.4528334585163267,0.0136948828014063,0.04993608317513009,2.3462158668896134,1.4325882499222677,-159.00848623387876,1
185,131.88672854693678,102.82885214968566,0.8430532887468324,13.400527285877605,0.11611954924056835,0.44611258633018724,0.01071039400912245,0.027279722067395453,1.6990039211657808,1.4135021155173568,57.5478055450186,1
186,266.3876460596104,103.13182569916047,0.8336610464010259,12.974732274095329,0.0903152049648865,0.4231081586416574,0.013717700059411461,0.039579569690534985,1.754366887009794,1.3937563817490233,-157.32790091202736,1
187,530.108485915124,103.99739177498768,0.9996502767514288,20.625557033200344,0.10968012878840905,0.6360855003957318,0.01268124397731002,0.024443864963337596,1.8496980857600656,1.5633613163541287,135.762286426246,2
188,345.88337739106623,104.32254858475457,0.700234810973969,21.2512307225683,0.1580691071136931,0.519594454817183,0.01442483144834535,0.0836386523568182,2.374271234982385,1.485666384045252,-149.38022917618227,2
189,2.8915015559219355,104.7139491846185,0.7089023452394552,11.509414152726256,0.09677795665056811,0.3527509302022506,0.010248974576573467,0.03386600693509286,1.7157393232991207,1.4041584774248301,51.491233700752815,1
190,482.0797201590987,105.28478712804778,0.8542789444653586,14.07736637036,0.07419332260096592,0.45624103076718336,0.01198432490632407,0.029509778161681134,1.6302121453137468,1.52664280453147,167.09219963933347,1
191,241.91864138035487,106.17676042228435,0.8324030781153061,13.897389234968854,0.11611954924056835,0.45429278865038214,0.009605226507544319,0.024103080275514586,1.7012474107129518,1.4299952153897308,-156.16421823680082,1
192,429.62285073305816,106.62605652218998,0.9300891600401209,15.897109260166586,0.07741303282704556,0.510060281309681,0.01528092220288419,0.038404073744199144,1.56935079276039,1.5373951093316405,-167.6617193920154,1
193,190.34593603674892,107.2967987509657,0.7694707858065861,12.558164765171135,0.0935465808077273,0.3895234151180572,0.011391863203312655,0.03548864244325949,1.8043085914650916,1.4018018473159268,-140.55513486845805,1
194,299.9107155576316,107.33730925598243,0.76161489223121,11.741769907375003,0.10968012878840905,0.3962719389296888,0.009725221960196042,0.028766181709940986,1.5721075885861253,1.519795742413408,145.79171015356638,1
195,165.1991145554508,108.40961366713599,0.7308819336334191,11.832271762208068,0.16128881733977277,0.40078490015740925,0.009538942505671512,0.0380916789585246,1.9448810068729734,1.3102277964520617,-140.94546410258533,1
196,379.53827326032086,109.14153963007911,0.9537030319398082,20.948484636382727,0.21289750589113646,0.6330013537806285,0.014901101515906859,0.07629730041490486,2.234836393449009,1.2798583851080545,-147.30040489853698,2
197,86.15179859593631,109.74168814271034,0.7989526577701127,14.903338699517043,0.18064207554653416,0.4456398678734379,0.012784515015128745,0.04847553399874336,2.6020529176895786,1.2334636747384895,-143.27860940779672,1
198,515.3403452552424,109.89178902191401,0.8026799804579078,12.581041039639764,0.0903152049648865,0.4336575016902799,0.012177385410522426,0.03314470344998177,1.5804395568943803,1.4486350279715725,165.96467385325974,1
199,114.28335260062791,110.45724333808494,0.885264799541778,15.252210634376237,0.11611954924056835,0.46348458926205904,0.013728425529175236,0.040333644043130584,1.9848740442294972,1.3995690119151944,-139.58238239165348,1
200,36.1884421139063,110.60915694528212,0.721975153479052,12.722241664916822,0.08387578451272719,0.37544429739007573,0.01282735284929996,0.04188188743662683,1.7541695035055358,1.462864646830934,48.43647291813585,1
201,275.820117235798,111.80374897153692,0.5080253382219226,9.277058398077507,0.07097361237488627,0.2504407930234427,0.006119230027727972,0.026601735834551634,1.7457831812698417,1.5527831819679472,-135.89457004086037,0
202,462.2358942388287,112.24492705080789,0.8055591383523201,14.064114229719324,0.08387578451272719,0.4387008404641909,0.011839530163717676,0.032495484440260146,1.7528345999607555,1.5254463102503868,78.99515106261387,1
203,330.4017538413029,112.45241881983512,0.7667573401813337,12.032757051865332,0.0903152049648865,0.39492078472347897,0.014093800803442157,0.049119055046066736,1.684948488059477,1.4205219076982376,-152.94233004938408,1
204,223.57850795262635,113.44113207889431,0.7562893349190203,14.593278271622218,0.09032687058164765,0.39531928653052484,0.010675159389301352,0.040054423138367094,2.1343715183263856,1.4581641715563245,-154.56855835485692,1
205,412.1149966807472,113.6438068897973,0.9914717975895985,20.612841510930686,0.14838664520193182,0.6410417676411535,0.01250978605031756,0.02853778644402163,1.8745150289362529,1.4871634398886149,-177.04891594377605,2
206,198.5314001420596,113.82732571623302,0.590213201376526,12.966916310865356,0.12904505261193158,0.34095443392516883,0.00770008351896447,0.043500581952012264,2.1855520556867276,1.4347974471444171,-142.84931033029267,1
207,546.3062770243018,114.63908354440734,0.8137500500030987,13.371048272322156,0.0935465808077273,0.44971753797461866,0.014544803862306775,0.04164887912375065,1.6427142565853197,1.4585120242189662,-161.05656973316175,1
208,147.38454965376027,115.51688663879692,0.8548310712275965,14.645108606892045,0.12258230092624997,0.44688728344255746,0.012502766846496647,0.04011801209763504,2.179902871498491,1.3680550523290944,50.174405658592754,1
209,120.33556921846987,115.55897305309534,0.8682745882569682,15.308882200601946,0.14194722474977253,0.47201383386133144,0.014957307655382456,0.04634239037607365,2.1158792842348566,1.3345920088620622,-141.82737607018944,1
210,13.508228819207657,115.99468437772808,0.5383225181985432,10.26410956347262,0.13871584890693173,0.2939964846816757,0.00796418375943043,0.056644313114517134,2.344556703031067,1.2617604842791454,-137.82933916027267,0
211,308.6566741360372,116.66825973903205,0.9141086187313614,16.29672662793682,0.08709549473880684,0.5063468729157605,0.014046155751700108,0.035873144611172775,1.7209841068995022,1.4572654206613163,-150.41005651518986,1
212,69.16563110857837,117.32948167832521,0.7488861440547537,14.096381325680689,0.07097361237488627,0.3948671758495802,0.010575882234453802,0.03198953425813797,1.9032856941445144,1.4276515161966066,-143.37514629862451,1
213,363.2687358019664,117.75690740352057,0.7929955072945292,11.89717925386715,0.10321737710272742,0.41344112789910303,0.013533486943658392,0.03805922398616073,1.6455821385918954,1.402977617769895,-145.86228540856263,1
214,230.03103579269882,117.93124538506547,0.6952142351998353,11.96122348988591,0.12258230092624997,0.3519220139132209,0.009308700765653634,0.03281960993209101,2.253474069578249,1.4172016186314393,52.68111723554739,1
215,494.41909331724764,118.4591729932149,0.6629078388954804,11.599846013858752,0.10968012878840905,0.3647430893693223,0.009611324524721096,0.045050272960581686,2.009442415804615,1.3065240029132736,130.27290391824036,1
216,445.2290103451283,118.98425903325312,1.0,19.651594689811247,0.1741909894776137,0.665636542573007,0.010951140064043446,0.02189617392974105,1.6825675955513475,1.6162149586898258,90.3197051756722,2
217,45.248928915862486,119.21201604597059,0.4763167463318319,7.310235412146239,0.10321737710272742,0.22030291031680996,0.005990512560684691,0.0312815415278809,1.869361108912415,1.43342773355753,52.469723351027966,0
218,180.3886466785166,120.80370678055186,0.8145928718844823,13.019248267655911,0.12258230092624997,0.4271299666695958,0.013530285057775782,0.03996456057580849,1.7818818760061823,1.4517930912814636,-138.73831464336902,1
219,153.24595383618308,120.85767402167599,0.8332557018780111,15.819649564872496,0.11935092508340917,0.45877620149500475,0.013423999789376851,0.03894572013694421,2.21439920903916,1.3639394560132376,-142.7411396305315,1
220,342.11832853959856,121.43471946527913,0.6157690261228234,10.109680128788408,0.08709549473880684,0.30729755394441566,0.01016160781742208,0.04075614570456454,1.8176093275904575,1.4597602757583237,51.326813748225874,0
221,396.6578894078501,121.71922537784135,0.8597557902305217,13.277151723011595,0.09677795665056811,0.44580366610436795,0.014180095382812648,0.0388318249548363,1.6695994187674885,1.469332315735459,-142.0608075782213,1
222,262.7345258423357,122.04789755396025,0.9273700605164189,17.219220270175686,0.1354844730640909,0.5074513321539659,0.01576410300644866,0.040769104224115914,2.304954333765386,1.400952581347063,-135.82130987554905,2
223,102.24945110552216,122.15173570107929,0.8344093209317037,14.725811343645738,0.07419332260096592,0.4354626567696538,0.011511690068936549,0.028983767087252574,1.7551067302930783,1.4855603508124384,47.2199684592037,1
224,526.4379981423107,123.59830317690343,0.7323552852564768,14.793355264692845,0.12258230092624997,0.4355161736048252,0.008640248402276871,0.03520040106844682,2.0201632182737357,1.408012710920697,147.4570069572814,1
225,77.76367227275527,123.94902902549283,0.7171036202838789,10.1516996803621,0.09999766687664777,0.3464484191686731,0.009732374010483939,0.029752918603504222,1.5933736765112922,1.460984776793537,-153.68845973529324,0
226,478.3315286969032,124.42776817393795,1.0,20.638062574368305,0.1806537411632953,0.6681567434369812,0.017548653030572785,0.04404117026169861,1.8864474849944095,1.4109131510339048,155.30254173305045,2
227,213.17060663574634,125.73933002861237,0.742693754155769,11.148269989034322,0.12258230092624997,0.3921406674873522,0.010796822475514467,0.03224887059609771,1.661331617407254,1.4536976161593298,-143.30243155714214,1
228,187.23866585966002,126.1523853478184,0.9089788811202312,15.212710856022955,0.12258230092624997,0.4907400162910096,0.013720016969204238,0.03412917827862661,1.972229763884924,1.4015944309787047,46.484037504387125,1
229,427.74905349184195,126.16989094242652,0.6619578141695296,10.96131681482,0.08709549473880684,0.3485528764836995,0.009231038660204227,0.030848215113187125,1.691172620811617,1.5489528606714105,113.59378768106396,1
230,295.9236526541742,126.44018952366912,0.904662741131206,15.557593149949836,0.14516693497585217,0.4864739399240789,0.01246368748370958,0.03720931423349327,2.0771368715722436,1.5113265588473874,-135.35475468952646,1
231,374.70207597696754,127.12356805489424,0.9794147051803992,15.990364200555284,0.08709549473880684,0.5215796085151204,0.016252828860264676,0.03592762390888003,1.6767583955205938,1.453910011485159,-139.17401783652883,1
232,135.70962094237024,128.60434526540953,0.8158407153278939,13.600382632229765,0.07741303282704556,0.4156245635557285,0.01340056690388106,0.03939568710710522,1.7553035753090416,1.4255468158954414,48.21824389891149,1
233,32.18941957580468,128.81312860258475,0.8114461142640357,15.832540071393574,0.2580551083735797,0.49274106903951653,0.018000658465765654,0.109256825334443,2.625390395636628,1.2317192888062576,-148.81336869428833,1
234,326.29677655913775,129.53569732341705,0.7243432173101382,16.606378759245,0.2290310538718182,0.4998656600289557,0.015603520858979005,0.12296368236209645,2.427349352297434,1.252793295683702,-138.51786014179152,2
235,110.89957795073184,129.57968855950375,0.8693146135966308,14.328177130724903,0.12904505261193158,0.4768207792163801,0.011449825165017241,0.031078578354794596,1.6777607939276893,1.4485854683306398,-150.16321872895014,1
236,510.4248482413332,129.8864631777962,0.9599845875686684,21.406406756725225,0.1741909894776137,0.6368700425306839,0.013777558785363945,0.04764494101345626,2.1853417469751792,1.3221827314167158,142.09645429490908,2
237,245.18840330061624,130.18099944849845,0.7954443540385437,12.581204358274423,0.10321737710272742,0.41331374253369213,0.011974404339705551,0.03237601233479028,1.68084517573642,1.4864115781931408,53.43791640500634,1
238,460.6325941420304,131.48375483058462,0.676196565518035,11.890949814516693,0.10321737710272742,0.36946872083499743,0.011726916734289305,0.04839966775859656,1.7449180320770674,1.5199176640818335,78.49072086501074,1
239,61.64255583878358,131.65188585381316,0.707572702599482,12.587013835421478,0.1354844730640909,0.3876476697354556,0.012183733616330933,0.05109238802331738,2.358749960656223,1.3087819748900904,-143.4076421049,1
240,221.01203306554856,131.7235802247378,0.5611161907286576,9.548493968876134,0.0935465808077273,0.2781745626729515,0.00707333508519067,0.028796419332292152,1.8548109089453186,1.53316615853807,-137.5592789684375,0
241,408.66771180855494,132.60762380730372,0.9888157816334985,16.019808217260444,0.0903152049648865,0.5387010969465206,0.017493809069102792,0.041488024033439354,1.5792867259933359,1.4473216656943966,-144.3233691176938,1
242,168.81337038614635,132.87757679630187,0.7701238185164394,13.125720351835001,0.06774223653204545,0.39430508607310266,0.009502540288457404,0.0254076706473142,1.7350963779748172,1.4173504037656826,-139.547516742625,1
243,356.94720052548536,133.42588865160846,0.773090404013986,17.209771120599147,0.11289983901448869,0.435170230743112,0.017017598080783736,0.06371651459338358,2.497307838020088,1.3506224744082098,-144.74565362571508,2
244,144.61745944934435,134.41368608131012,0.8784513228804052,13.590618511000676,0.11935092508340917,0.4624665745649562,0.015406556509615641,0.04451876333976647,1.6372012103799316,1.4339162277601791,-138.97709839010219,1
245,542.8235136924183,134.94754328777435,0.9939875108372105,20.315998226826252,0.22257996780289774,0.6574315109700835,0.012369394512609988,0.03606670955763077,2.11652240586345,1.358142246481654,143.9099026443056,2
246,278.1322618605035,134.95619322009594,0.7689058196224305,11.070856956207276,0.14838664520193182,0.403436123792069,0.009831413489814787,0.02879593973965508,1.7730773895242666,1.3900001341235864,-136.95660153947395,1
247,253.76486337764283,136.06456234849304,0.8075698706654411,13.607102027484192,0.11611954924056835,0.4315551784348107,0.01027223275636713,0.02874616481895489,1.828188418655639,1.4123632706063938,57.928477180358286,1
248,15.19036377646908,136.46598935333154,0.7450645488940103,11.742376519446584,0.0903152049648865,0.3915736847878702,0.0117273160942282,0.036819303578891245,1.6298644363207038,1.3719172039226812,-135.3423706215722,1
249,494.0554489358545,136.76116491564866,0.8158494129536108,13.25764681178694,0.07097361237488627,0.43235568918298845,0.011155743550715847,0.027423862226929295,1.6415902712961343,1.4414281259947221,-160.31115827079674,1
250,203.25961751848797,137.91509837098604,0.8244647123354485,13.380999043419425,0.07741303282704556,0.41768762087422817,0.01182727154046135,0.031166801847169627,1.7285910070104797,1.4725196954512072,-169.21072325934875,1
251,442.13545446295166,137.94999353298311,0.977897833463497,15.206038123235576,0.08387578451272719,0.5257264158276389,0.013640520693643405,0.02706164227273556,1.606817222438303,1.4895262969545593,108.7044407459255,1
252,311.0282793833605,138.67803731530506,0.8278156686842416,13.335713119152611,0.11289983901448869,0.4340519890420282,0.012558144139563784,0.0350871591151906,1.8569304911938898,1.40535509835613,45.84153814743633,1
253,177.95779461007587,139.78625616557915,0.6507762643357227,11.06385758615058,0.15484939688761346,0.36887884556571576,0.007713344005254668,0.030359745533811693,1.9526911803068638,1.3557625917223386,-135.4717562214056,1
254,391.7808918686736,139.92714090350228,0.9478434156282718,20.212687524789438,0.2096777956650568,0.632772896619356,0.012427865541777288,0.04332423034918208,2.203147390322697,1.3096973008486914,-150.02904369443658,2
255,98.7888051526099,140.8432527139674,0.7949609999596596,14.153986141247287,0.14839831081869298,0.43448542669741547,0.009267742934973715,0.030367336357103356,2.235936862304671,1.2752976711620814,-141.71202256158887,1
256,287.28890204804554,141.23178898802414,0.7898786373895519,13.03173047759035,0.12581367676909078,0.4259922466782552,0.010376736016609947,0.031320677484173325,1.8487256166409458,1.3725401799863157,60.12667831375953,1
257,526.6915596641861,141.23788949631958,0.7796988668038493,12.406546744126363,0.08709549473880684,0.4108242386122274,0.010741457053943066,0.030689312468506195,1.6665119994902444,1.428457286987611,163.82178029582835,1
258,48.81225182843374,141.73865692396905,0.7220387682960866,12.090711835934764,0.0903152049648865,0.38211678886031786,0.010529037608146113,0.03142986564304182,1.6300074266687092,1.5534662206807985,179.76327322564057,1
259,126.9255111450642,141.8948778207379,0.8438857974554441,13.745432911038007,0.11289983901448869,0.44345342718403474,0.0113303410682693,0.02881145244804168,2.090673365709264,1.3541311293204132,46.70353042777577,1
260,234.9472290513027,142.7473756436772,0.6842750802225361,10.342339189472947,0.0903152049648865,0.3401890566876391,0.009943314717301812,0.03104174161023122,1.6698192568739478,1.4625514703145832,-161.1649159133889,0
261,475.71390681962805,143.0067187643146,0.645571932467465,12.61260819859546,0.09032687058164765,0.35178972020629823,0.008486747348069123,0.03705758452452457,2.1286576593176476,1.3387219131743417,151.09492681496465,1
262,344.2653512073427,143.0070179151204,0.8522986274296658,13.400247311075336,0.11289983901448869,0.4468422894855425,0.011673260214541445,0.03106221829201309,1.7629153177022039,1.42592671880075,-148.36850232720167,1
263,424.825061627943,145.03296740484785,0.9978648112948392,21.23823522549637,0.1580691071136931,0.6627216233777393,0.012605520946686277,0.027567902075718756,1.9865783703965765,1.4403678723892872,-148.8398913903067,2
264,160.1989235001135,146.98672182714506,0.8255230648093439,14.335059844613983,0.14516693497585217,0.42824363299726104,0.015718443831202085,0.05100069365568587,2.512273511672775,1.2389456476993552,46.921958660882964,1
265,321.03845824799754,147.00051379766944,0.9823176069319556,14.32220433494319,0.09677795665056811,0.503553462819172,0.012903440386261508,0.026251243382894415,1.5779820338091313,1.3927671223596962,45.55845525976431,1
266,80.45563067731176,147.17829911407816,0.7812705888059717,11.871444903292037,0.0903152049648865,0.3886274126551382,0.013151909570898781,0.04181693613353317,1.6340697785377623,1.3974764704506522,-135.39211236862698,1
267,26.834246681129354,147.36461254500912,0.5431999673035082,9.422248664286881,0.1580691071136931,0.29074380774936925,0.00895348493526769,0.06238833491470418,2.3256145315230894,1.265749905547116,51.26831947478368,0
268,375.57019605031894,147.7631261687384,0.8550696455427276,12.0388931662817,0.11289983901448869,0.43645256540059957,0.014941967909317835,0.04402618922252811,1.677082062583716,1.3251947267069975,45.64172866354744,1
269,269.22135875418803,148.43483759109222,0.7455573345131004,11.754648748279322,0.09677795665056811,0.3818482038740151,0.010933299146752914,0.035156394106134414,1.7006645250055479,1.4690557081407354,49.903418938057904,1
270,507.47217730416725,148.9500632389979,0.4836960031282128,8.348638622523973,0.05160868855136371,0.225947768415882,0.006586227321641976,0.034073851188233736,1.804875978616852,1.4808617743053352,146.77835820868697,0
271,242.48977909688833,149.01899257355424,0.4832044911089851,8.341569258766711,0.12581367676909078,0.23900331840328298,0.0063059664511759,0.04366494940808755,2.253624904256112,1.2811013636609767,62.18491711358481,0
272,458.0307668069451,150.22968599939585,1.0,21.470544317678076,0.15161802104477262,0.688589467875121,0.010417085729160808,0.02079374306849803,1.8113428435941479,1.477489591801023,-150.43430666783962,2
273,58.963374520842336,151.44613323593924,0.6715677838037564,12.238678518933297,0.1354844730640909,0.37952053015114684,0.011622958088597233,0.04895426650811464,2.0376899636458865,1.3125602628899435,46.95275039994529,1
274,353.9620768478792,152.39844544554006,0.9453401234301702,15.348102004152958,0.10968012878840905,0.5097149731498958,0.013485855624285465,0.03282009982329889,1.624026531959914,1.4900621175224582,56.14621279426788,1
275,115.20923710039291,153.02209798537848,0.7767853555788319,12.651664683511818,0.08709549473880684,0.4074471872702302,0.010129535551051758,0.026344463584843263,1.637264183439885,1.4738946022109838,-137.12257008218825,1
276,408.75827342982615,153.13448379465262,0.8098191928380833,13.254870394997784,0.08709549473880684,0.4260036995611513,0.012475542453200266,0.03329902229234777,1.8393169416500492,1.3588868696478882,-136.16777469367548,1
277,10.890434230332007,155.07331535870736,0.8337600551424826,16.954924056834884,0.1870931616154546,0.5504065321127954,0.008183891347726487,0.022521027598950145,2.017721759469254,1.4340596271712287,-147.7830740893218,2
278,539.2671243739599,155.1112261276711,0.7826252564007751,14.27444529992301,0.11289983901448869,0.44521219706952003,0.010008320274644614,0.028639735658587,1.8344926402437445,1.4757482023613595,136.626732977786,1
279,490.92979543037063,155.25295677040913,1.0,22.019131611488298,0.12258230092624997,0.67503032969575,0.012324533459890324,0.024818666036112373,1.9110691642531543,1.4245987015933883,-161.9121087117127,2
280,91.80160035032505,155.89467592914636,0.9777011245103717,14.728634422901939,0.15161802104477262,0.5314152193801425,0.012819249167994134,0.029607109724701382,1.7572114064383122,1.3902798998206722,50.21180627341097,1
281,198.848426752633,156.19053289008502,0.8402442476243014,16.33543314435034,0.1354844730640909,0.4688385683095719,0.01277334565637026,0.03767922336592274,2.2818759476384147,1.419751072608391,-141.4825258857357,1
282,308.0435213555158,157.78017020928112,0.9747320586866824,16.21847367070297,0.13549613868085206,0.5171698037494078,0.014895745630681866,0.03473191429168923,2.3061892367740655,1.2970514047580797,-140.3281624777318,1
283,441.3215560377988,157.85452186133077,0.8375413339403132,12.97463894916124,0.0903152049648865,0.44138214588781055,0.015407154976136896,0.04034568904276755,1.7368430527843557,1.3308671575791222,48.40114616888069,1
284,146.84717770178503,157.8622135090611,0.7950749484289719,12.938638855836308,0.07419332260096592,0.41135450596185597,0.010113859765727736,0.02571501265095359,1.6625451093633832,1.4400049273937432,47.85378207790054,1
285,387.18093324494004,158.1929726484629,0.950799764957767,15.484239751755675,0.0903152049648865,0.5129697069326007,0.012805482822518486,0.02780953901176446,1.5660140046280255,1.4991814771726586,-152.18209667220054,1
286,43.764120604345884,160.5604715535151,0.7923804994990327,19.12559203005063,0.20967779566505682,0.5363491941978127,0.008279638210551556,0.03942731595795493,2.2418111148306643,1.4853770356504743,-161.93782491820212,2
287,522.9097306503877,160.87751757674505,0.987693515441719,21.55449009589137,0.20322670959613634,0.6579434212529055,0.010079204393382158,0.02925204184114716,2.0763851120576504,1.4338942140826978,161.63858522424744,2
288,125.16464111584263,161.46686353999897,0.8181304326449206,13.899594036536712,0.1387158489069317,0.4531540055381839,0.011389814688848712,0.03735941212832082,1.9212780372175324,1.3655924982105685,46.56637731308276,1
289,232.066438447391,161.5621225273926,0.7062094472689256,14.586850516786821,0.12258230092624997,0.3986494406138674,0.011390574462658839,0.048226866152832275,2.26363837498516,1.3493044066808164,-137.4192127577958,1
290,259.1666459099044,161.8636025513658,0.7432906666167572,11.774141993887218,0.12903338699517042,0.38655614127144355,0.009975631545188919,0.032975153342240285,1.9999999652564509,1.2649747509761673,-140.63448654754856,1
291,341.4294561275882,162.23744887618815,0.9519915409813906,16.599589370290005,0.1774223653204545,0.5126193211465346,0.020807215404532682,0.07083613631939395,2.497112021039293,1.3438254347354601,-145.52977761992264,2
292,474.455610810087,162.67390018371606,0.7473178037713031,12.03245374582954,0.10644875294556824,0.3984603174730573,0.012423252784774949,0.04785076787920288,1.8687595039679572,1.3269924837108493,-157.24482473275657,1
293,181.08385091615,163.73456385470593,0.807834393340368,12.922913604442266,0.07741303282704556,0.413686583362276,0.01216919944801558,0.031955669968401414,1.6374914187395475,1.4684553269425071,-151.43031028024146,1
294,420.35227673539293,163.77068181470327,0.9444465374501603,15.471010942348522,0.09999766687664777,0.5198149024383474,0.014722498545473086,0.03437877718515852,1.5743240938527274,1.4864961753238826,94.71654069567927,1
295,290.60571961661356,164.68775452902804,0.783332191926803,12.135344485662957,0.10968012878840905,0.4039444602683256,0.01217272645887993,0.03954043160042922,1.8014867871655498,1.3358453910102084,-136.61951444699093,1
296,75.58454729498744,164.83601845024882,0.7319343408385219,16.813070157019204,0.22579967802897738,0.490085125538626,0.01814703010004396,0.14179080643210792,2.602797863358791,1.1959528028855242,-143.56429749731387,2
297,158.60697510910188,166.52806553985022,0.5962356900058294,10.441625253727166,0.15161802104477262,0.3341275222125709,0.007148335049531784,0.04542635719962712,2.1076320499138106,1.307751929573435,-146.6869044711615,0
298,373.83910129749154,166.82682867114158,0.9298467938892087,18.409276498448474,0.14516693497585217,0.5170725086427628,0.015405604912028765,0.04497971623237832,2.371145731560295,1.3571738408185177,-148.69360730686378,2
299,507.0791519438314,167.2795989739784,0.7936386259840869,12.01934159259,0.08709549473880684,0.40205232131719465,0.010953023368601092,0.029947572649303453,1.7233479201084239,1.4255620038496835,-152.56565474038482,1
300,266.01809376222013,167.42170063571135,0.8868958616497876,14.47794031870465,0.11611954924056835,0.46462917039853907,0.014617300322581366,0.04054747259780586,1.9804786083446926,1.3919350296116082,50.8377942897984,1
301,26.982756796743207,167.9025245750514,0.7422622420736225,12.555190032897038,0.0903152049648865,0.39869585481406866,0.008226118634471079,0.022351644714991483,1.7040153075198483,1.4831553093641825,-138.840435221304,1
302,214.29502158350581,168.94605304699226,0.7581312905919153,12.49030587247148,0.08064440866988637,0.39460372057430226,0.010626174031612283,0.02977560280334173,1.6720961546342348,1.4565845569332176,62.27946845052892,1
303,453.8250018521289,168.96177029917297,0.9853654139841141,15.502881407340006,0.08387578451272719,0.5281786685809468,0.01405458849091106,0.028086274327437023,1.534733415595081,1.5040940400021559,-140.13162692930075,1
304,324.19761703722503,169.9630380005809,0.8513715311873317,13.851776673432724,0.0935465808077273,0.4389591041538585,0.013202532560006641,0.03338112952277791,1.7853520625434323,1.4706110078964005,-140.06353773798608,1
305,190.0812244855878,170.82031495768388,0.428940654663361,6.42556169944705,0.08387578451272719,0.1890415233830329,0.0059485802228029195,0.03270263658484393,1.8488965450377488,1.446728744876768,47.27095009917849,0
306,110.41049044218647,171.31476931956814,0.8397197129122347,16.586943841720913,0.22257996780289774,0.4871661227922752,0.0116628368283084,0.059190282519043624,2.742470602634664,1.2452695938806688,-141.38699582888484,2
307,406.5521034748657,171.95579032645256,0.9397987619362463,17.812860175917503,0.14838664520193182,0.5142637113558288,0.016385291975980938,0.05342049002654314,2.285538166566909,1.3590808598595332,-148.97494840163353,2
308,539.7128885799311,172.44339733511188,0.7403625747196831,10.926004992883975,0.10644875294556824,0.37861485776330356,0.012944646032721668,0.042969103129029226,1.6628263424006426,1.3712928682474474,46.583403500718624,1
309,299.5598201955796,173.0936466779067,0.9120282376189376,14.73871351578358,0.08709549473880684,0.47163065952861083,0.01376258557632373,0.035446437055829366,1.6013670057782883,1.485078458500821,-150.49305427346266,1
310,59.90342900394563,173.1210168712321,0.800241371549472,12.193929213037492,0.0903152049648865,0.41430652794491557,0.010562776060851573,0.026842300346542496,1.5816964232905724,1.4784990378705165,-135.3891032704537,1
311,7.557006757314762,174.287213514915,0.5519454053393925,10.638622523972842,0.1354844730640909,0.31346074459609413,0.006713620981221281,0.04416924120104999,2.2041213572286353,1.3710274868536294,-145.7730755345636,0
312,247.80659337561877,174.29189325657524,0.8037248383054789,14.315694920790463,0.07097361237488627,0.40510060049245655,0.012994382331115021,0.03653861403643644,1.9636492386537037,1.479013803240986,-150.05412341311072,1
313,486.8413162138361,174.40714043660873,0.902747631892602,15.502811413639439,0.07097361237488627,0.4818688855843538,0.014768183238408304,0.03664498528616312,1.637122687535678,1.4831047956240495,-148.7524702673025,1
314,356.90932753923164,174.8187220912909,0.8647687091141527,13.325820676139147,0.09999766687664777,0.44771331172428686,0.011659826607437765,0.02846587462424158,1.7094808630970388,1.4145017952891872,69.51351744021713,1
315,222.43137708064242,175.66493922695105,0.3830838177574275,5.929539674762604,0.0903152049648865,0.16398811425493,0.005939826514770411,0.04602960416458508,1.9334005076881466,1.3230856429003635,53.88989984995251,0
316,436.7936701859406,176.31018356494025,0.9001083967884935,21.13197312241898,0.1774223653204545,0.5729271271314841,0.013793688783801503,0.06130520042395316,2.4001969381886292,1.3842000328404567,-159.13381263935108,2
317,143.27947537458428,176.50190414534447,0.8710911414937718,18.83854786402557,0.16773990340869321,0.5261862114688646,0.013372319422087612,0.06359775062407828,2.422634905572477,1.2851252956455195,-138.493089738537,2
318,39.21903729451776,177.78128854303296,0.43655699292649025,6.464921490399198,0.07741303282704556,0.19868938643336298,0.006510483511584572,0.034821791626958434,1.7395115615468355,1.4134539443358778,52.211038768763714,0
319,93.01486963893082,178.62455689790664,0.8044490111645035,12.058164765171133,0.0935465808077273,0.4145784539238298,0.01350361035282526,0.0370650214759614,1.5724036226626434,1.4506627544310258,-141.654118779037,1
320,332.8315008707233,178.80067012451914,0.9498351537655355,14.880684071766874,0.09999766687664777,0.506938560357714,0.013054911952773555,0.02830353623222168,1.651816755503587,1.397964485526897,50.82261505942403,1
321,255.52609063259155,179.02367453112282,0.550128916671086,9.567928886400225,0.11289983901448869,0.2799010175337211,0.008277457917012856,0.040052402747070635,1.9575647544301706,1.4179508811621568,48.50304105710404,0
322,389.3467870290305,179.459551648123,0.7968854889434622,11.77478360280908,0.11611954924056835,0.4082444843528359,0.015709052152747004,0.05305200827753194,1.6193343014969077,1.4456508448981478,51.62491839471566,1
323,281.4576950613812,179.955183188506,0.8202639928860804,13.084225753015563,0.11935092508340917,0.4202090291609148,0.012421399190748049,0.03749609360515249,1.8125658481039848,1.4049384157515337,-135.6064935094607,1
324,519.6964572105026,180.8232703140086,0.8838735763010981,15.325844007372668,0.09999766687664777,0.4902574405619884,0.012568070277424152,0.03126756377588384,1.7143988701481443,1.487140613064576,127.56012584157634,1
325,176.74610571087555,181.55269314035772,0.8065351258046589,17.167214950654444,0.20645808543897715,0.49587676838661476,0.013692379077398363,0.07628641474831241,2.5063659869324044,1.2609528793571412,54.0366748625836,2
326,470.0497812267682,181.61346028923617,0.9971228438411825,20.035288490702506,0.20322670959613634,0.6498986723676924,0.011513485091852462,0.02930914408377233,1.941966142829351,1.457603361079264,-161.39951707998227,2
327,72.29555893968258,183.39748804753242,0.810605265855801,13.953967476260472,0.12904505261193158,0.4561227776966788,0.010256195421463256,0.03227402317756151,1.8555050899917116,1.4077873924486024,-144.84506998586292,1
328,365.99079884892814,184.12832987777753,0.9411798501079798,14.594059867945216,0.10321737710272742,0.49674574396260573,0.01185457466362738,0.025837294047761007,1.5851197548282743,1.496636233087126,64.24488209601444,1
329,126.06958095531162,184.15045792429075,0.8580839231426177,14.141853899815683,0.07419332260096592,0.44780861356176316,0.010843413316389798,0.025421444921768125,1.6668286816215054,1.4776497928417127,59.603373898330226,1
330,421.5680528410598,184.71264188382455,0.8024937096037337,12.074379972469146,0.11289983901448869,0.42120815962600916,0.012771462180957894,0.039302806386033035,1.673055870757928,1.3960658100949197,50.20403076631195,1
331,314.75270557505934,185.6226230133411,0.8187499264522983,15.806117449429552,0.08387578451272719,0.43172735306934723,0.01363067989190799,0.04188199392720328,2.1426851630613366,1.3911689374735223,-148.13522991397585,1
332,552.9192278635425,185.65993265157388,0.3909857034194595,6.1294416835818115,0.07741303282704556,0.16775411683271324,0.004783103530612196,0.032811758782840116,1.6584395210636818,1.4935351482392913,-171.8283767138998,0
333,23.492043119756516,186.4279915988042,0.9791361008579289,19.22586967172954,0.1870931616154546,0.6197262593772067,0.011031046410857556,0.03340076162914274,1.9339218272730605,1.475339337126975,48.116508939508,2
334,239.582100081456,186.6610880526187,0.7472677688174549,11.047992347355404,0.1580691071136931,0.3887865689117651,0.013205961441373901,0.050794120649113074,2.2436214209321292,1.2388238905991356,51.67291249290388,1
335,502.77285578932447,187.2170157869613,0.9701922696940868,20.55498005179534,0.21289750589113646,0.6312609695481946,0.011106111138133421,0.03628891014593605,2.1166232326713375,1.4543017068233444,170.84495400690025,2
336,210.7970049593014,187.79144036808026,0.8868300108355527,16.32241431604489,0.12258230092624997,0.48977717581364655,0.011401570768914593,0.029781232358059725,2.1024013885774897,1.3874889416909915,-137.84940867885382,1
337,105.79659404211236,188.44722325215756,0.8425140994339736,13.871164928489769,0.11935092508340917,0.4564854104430649,0.013461574140324221,0.04013888378748908,1.7680478800285027,1.410049843669317,45.2961455234129,1
338,321.8050065633325,189.09798127626013,0.838782743821932,14.496301999486711,0.13871584890693173,0.4668466953879855,0.011575242407725292,0.030646844735107287,1.900724404734971,1.4395296912163766,55.001392328601256,1
339,454.1713296231774,189.5426189559922,0.8785723891782182,13.780476423788524,0.10968012878840905,0.4625356337641505,0.013841610514505585,0.039881704949435104,1.6238076611575603,1.5061574600402279,60.607579491646014,1
340,399.16075265986797,189.57804511129584,0.9002321205327317,15.225939665430111,0.09999766687664777,0.4876922523511764,0.014563030649062579,0.037492111144030595,1.6772936020061382,1.474472508614582,46.319942840020914,1
341,159.41476411971078,189.66461334651214,0.7606036756862952,12.941928559762957,0.08064440866988637,0.3957086882678895,0.014064436952585448,0.04445937495262492,1.7034698769707604,1.4514337238384323,59.10862438617,1
342,348.167565085754,190.93464737984024,0.7378835541738697,14.697102260796528,0.08386411889596604,0.39883671731619286,0.009059650526265376,0.02589617681955245,1.9675804986532388,1.631073394252357,-143.99318155288205,1
343,271.0512157705525,191.1359797478463,0.8510688863044951,11.483539814750005,0.13226476283801125,0.42533315108278624,0.010787196567040988,0.027674690057351924,1.6286523607843506,1.404468882747473,-136.31589108077085,1
344,55.76169640426048,191.65575470804347,0.9004357062040963,21.612059914607684,0.16130048295653393,0.5942091692912175,0.017310222212156973,0.06447899096140607,2.3037145844472295,1.35166597316542,-140.99726069485683,2
345,536.4640517538259,192.29821079005188,1.0,23.964093231609155,0.14516693497585217,0.6918302764732498,0.009553755480618504,0.02508158597042287,1.871047229117036,1.5719412590741793,-171.6835279406468,2
346,244.39052074913235,193.43998437035378,0.8424989216609471,14.767585917267445,0.14193555913301137,0.46066662824238613,0.014676268872126723,0.049745566940164535,2.201580206515488,1.340330250923718,50.14533321306879,1
347,138.86485435606386,193.58111444552216,0.808584897917519,12.934695877371038,0.12904505261193158,0.437352885827722,0.011359043184647415,0.03519844560197639,1.7822412380410253,1.40904720736104,-159.36956808035254,1
348,486.8701415781744,194.17183554256022,0.8207546796753699,12.160775530202281,0.12581367676909078,0.4272730865185337,0.00995597474975799,0.026094029622180808,1.7248571406323387,1.4507425210395044,-151.63853042597427,1
349,5.840319379316074,194.49208989801934,0.7091027323516244,12.441975222229999,0.08064440866988637,0.37383428333445884,0.00985604490082852,0.034455099774081545,1.667919076649942,1.5750294151680888,80.173351151605,1
350,432.37587214619157,194.50469762309103,0.7677244356219055,15.070600312638529,0.07097361237488627,0.41522633130044606,0.011792022536322024,0.03887813004720774,1.7368541374688669,1.6332225630006891,80.80895076988946,1
351,192.97061685609995,194.9266158640073,0.7733993786579492,12.390389864912159,0.08064440866988637,0.3892713372474095,0.009724468809596713,0.025030648007140395,1.6939089855016665,1.49415213650262,46.835467568700956,1
352,303.992201214586,196.0285942200231,0.8542303119268433,11.980565082475911,0.12258230092624997,0.42374899784643605,0.010620953728529874,0.027001060901401044,1.6463268871635826,1.4323903025931781,-149.70075305410475,1
353,89.49262935453736,197.11833650322635,0.9655393773858963,18.667693240941652,0.22257996780289774,0.634659753045726,0.016106757078505972,0.0479636072935104,2.0302189421758965,1.3084350658606958,-137.84929501142403,2
354,171.43246978421973,197.48119913057388,0.8053793509430381,13.264156225939667,0.12581367676909078,0.4332114637130723,0.012311917515326964,0.043005797630826965,1.7932079249858646,1.3775365174171035,-175.87055443527345,1
355,385.5588574395163,198.71367239627642,0.944999652675407,19.828585427311545,0.1580691071136931,0.5687623526760476,0.01483215772252648,0.046830924146295104,2.3044788623541725,1.3410269992989554,-144.43354049844842,2
356,278.1183745306966,199.12819275064754,0.9457493383572577,15.148946594806468,0.10321737710272742,0.5019838852293782,0.011898802639143027,0.0254953514106655,1.568609363869851,1.5177298799431802,89.98772349363641,1
357,38.731401975251906,199.19329384735062,0.8486670404627823,14.342152539604768,0.06451086068920464,0.45247324887905327,0.013318899093956183,0.03252689537323738,1.6273861325446077,1.4738305740650766,45.08012591223251,1
358,520.014075408109,199.57722469895393,0.7536828607762871,11.587083829122045,0.12258230092624997,0.39149140968029533,0.01033422778352238,0.034054263697942636,1.7772552851701986,1.417539084614294,-148.6355731475151,1
359,465.9090775462383,199.9093194761525,0.6377249305982491,10.367420265509438,0.12581367676909078,0.3354436304100754,0.007064441685312587,0.02474387641862487,1.7425601857113437,1.6530261209617574,168.51017955639261,0
360,226.33157486928351,200.3491437835917,0.7983168171566088,13.006206108116936,0.09677795665056811,0.41165372308427406,0.012786881103618758,0.0382971164445107,1.6751421543277525,1.454297804348173,45.89563308936309,1
361,337.66354460111836,200.8562645569054,0.8412917512248843,13.038893166281701,0.10644875294556824,0.4366277116032779,0.012213194814742794,0.03267987253366384,1.596813002246032,1.496344783974029,-138.43608186818858,1
362,203.775745539705,200.9949298017932,0.801628830210299,13.3092555003383,0.13226476283801125,0.43164854224179117,0.01037040580506043,0.02928164421819462,1.755553588347854,1.5272084643176431,146.87804274394986,1
363,121.87068950839787,202.00533591436772,0.786432559842828,16.81290683838455,0.25483539814750006,0.5670955457989096,0.009387946197161488,0.03854550455888475,2.1778130524573682,1.3399059782855367,52.6910374847292,2
364,417.32164742721363,203.15687360540073,0.8113490856610287,18.938790508854204,0.25483539814750006,0.5476811362617902,0.01648446425307824,0.13589496048067465,2.664103861848469,1.186689591690455,-145.95719199279918,2
365,311.71692872284956,204.6180369648498,0.8848875243365175,15.338851170061359,0.10644875294556824,0.4824426399406123,0.014100561580720115,0.03813805313198981,1.6337650876950482,1.5362234652121263,64.03393273916724,1
366,72.23530838236434,204.66040134285737,0.8211491574001988,13.506602739086816,0.0935465808077273,0.4411306524384212,0.012897804921414693,0.03468732465627163,1.6625912119254203,1.4456675879590344,-139.1682424830855,1
367,20.31282706297073,204.85657622801128,0.645819147435274,10.164076899745691,0.15161802104477262,0.3565482220650683,0.009522001714555348,0.04024675225604207,1.9906172845638868,1.2871098958613687,-143.75771672441965,0
368,553.0844823229285,204.96569710251268,0.7982024637340949,11.432631063204312,0.0903152049648865,0.3959211745018435,0.01081048712933759,0.029048846934629093,1.5960422542587234,1.3837124570785562,54.09190606424941,1
369,236.37319395811494,205.47343306796742,0.6776074904824821,12.531788805674154,0.13226476283801125,0.3694392451161113,0.007865629128571144,0.03518647791031902,1.9531154611983788,1.4461242499747093,117.25208274565041,1
370,498.1772549788968,205.67454989099815,0.5948053282580863,9.625813676769091,0.14838664520193182,0.32917912754210066,0.010525117547810402,0.04571001965877897,1.8931616022115973,1.3955974084942357,-152.3821098098152,0
371,368.20623554815535,205.69177214741308,0.8050652451555798,12.252047315741583,0.0903152049648865,0.4132822988969923,0.013292641026047526,0.03639341661332724,1.584636345073613,1.4400803249398113,45.850083307445644,1
372,259.89173916243834,205.8134401393906,0.826768071491447,13.49709526142647,0.07741303282704556,0.4167082739711304,0.010914236296332664,0.026873899104661484,1.6596425310547744,1.4774865012681546,-146.10590833596828,1
373,155.2483303488505,207.42231264932218,0.7888707886282879,18.85180000466625,0.22579967802897738,0.548716324687144,0.01402243790143089,0.08792502832959055,2.35944835883439,1.341121261609104,50.56490777524701,2
374,452.0731276112941,208.93623027294373,0.7380797551641215,14.167844893959543,0.19999533375329553,0.4072476240440184,0.013955835951797488,0.07035287981108139,2.7156103624952475,1.3060176690399443,-144.72139608349073,1
375,52.6915199002287,209.5753174273836,0.7879512679400964,14.303749329227037,0.10321737710272742,0.44274227150832984,0.011513777711010423,0.037925742131286064,1.8704187963836245,1.383875717873754,-140.5545356117354,1
376,268.62173648420816,209.93254015295952,0.7413752361500547,12.929026387625115,0.14838664520193182,0.40766820592859315,0.00918644463835662,0.03114096993365402,1.8146914043820308,1.5067786746532439,92.12079597586198,1
377,344.9590637547064,210.05718012651002,0.9437074310258196,15.803294370173349,0.09999766687664777,0.5013918639058705,0.011265293357601533,0.02448662027338931,1.6783300475221419,1.515672870535133,61.19089891728654,1
378,105.12615649967671,210.98274324211917,0.7692728790978948,13.093604908891532,0.07419332260096592,0.40357582185749474,0.010251295450472686,0.026708491026989172,1.771495392375543,1.4562726015132361,52.61866940930222,1
379,532.2592073270765,211.35081590881222,0.8678177988156018,15.851286717528758,0.08387578451272719,0.4823585384447234,0.012800008189254227,0.03363313682236137,1.6578729877252536,1.5700312119479083,74.84847287287064,1
380,293.36847882664136,211.38554821206668,0.8160804238723887,14.355194699143745,0.07741303282704556,0.4155847974468495,0.013746389678524045,0.04135975448078826,1.68261290312918,1.5227199795395763,59.01640441000164,1
381,401.23264446946166,211.52904626031773,0.823006381346106,12.728867735237163,0.09677795665056811,0.41465512278042344,0.015482312081342472,0.04704778635515234,1.6402846644715188,1.4573941548256886,47.42689211973732,1
382,480.4446332993799,211.84001622461298,0.7623053592671831,15.799701360210914,0.09677795665056811,0.4175263526052402,0.012272996166426525,0.04563814846011504,2.121373644022594,1.4997119200496103,-149.62685354587876,1
383,3.1044256470073512,212.82524823186057,0.885503155673732,14.883507151023075,0.16452019318261357,0.5013564510223665,0.009634878513187721,0.02813784729511139,1.8430004331394725,1.3792165967935286,-149.78352051883886,1
384,218.34701079374256,213.08977916295183,0.8863040705590514,14.332551737010336,0.11935092508340917,0.4637614236548873,0.011999317673270823,0.030175249734774902,1.7217677288789746,1.5629330989607666,58.0737965734695,1
385,189.43184295719368,213.85195987243497,0.8383684811454462,19.6313665103474,0.13549613868085206,0.4783641663069538,0.01397953798293034,0.05245007087128714,2.675105023307662,1.3940458397170339,-136.23955710126904,2
386,85.55456548350921,214.97904019582936,0.7796655046279197,12.56405590163552,0.13226476283801125,0.41873433718170927,0.01228977081508066,0.042690767783695883,1.9320657414771663,1.2873125761195146,-138.42082502632243,1
387,301.63686872261695,215.08215622329362,0.9157594091134147,16.077203051725345,0.12258230092624997,0.49817969912074767,0.013312150746248246,0.03363036681628777,1.7371228639059082,1.5536672913496263,73.18984543794039,1
388,138.1309085290378,215.54002961930095,0.7963799093409267,12.464944821632718,0.0903152049648865,0.40730051806581347,0.013904972355282937,0.04074022856123157,1.738301807662101,1.3662228451090968,-146.21748770547316,1
389,378.131568343246,215.71117101541947,0.8188879403597417,13.800167984881362,0.11289983901448869,0.45058331396957235,0.01030569857413948,0.027820904846959153,1.6934306201242204,1.4337798842480574,76.86440510225293,1
390,434.76997200807614,216.7427634101628,0.7806142379686566,13.56102284127762,0.09677795665056811,0.4088282665095335,0.010375701049026374,0.03055578669207723,1.9587750362648009,1.415903440108323,-144.6656889858274,1
391,327.0277349572167,217.025025144773,0.8578562612946691,13.8900165651758,0.09677795665056811,0.4284720178206499,0.009829599990197824,0.02387257332425242,1.758381817189658,1.5274213021688348,-140.7754890957077,1
392,251.15224119160914,217.5630857603228,0.9005324187188393,13.354821399407388,0.12258230092624997,0.45479023139705677,0.014702309465984465,0.04016496987710923,1.7339304934528628,1.41786512458703,46.10067809681614,1
393,35.52038055597002,217.97146460956327,0.9835807951870035,20.135134504561258,0.18387345138937494,0.6154736222965147,0.010308184236129914,0.02925850192555798,1.9915952028883368,1.5202963064644404,-144.30267348581754,2
394,515.7845014987507,218.15961711523087,0.879859891487792,21.086722195002448,0.1967756235272159,0.5854497879960112,0.010500431314555591,0.05429691875814323,2.31494277664695,1.361470121623803,-156.20377230194396,2
395,223.07476380684295,219.63695323348196,0.89468080433358,16.158279088215398,0.11289983901448869,0.48827527779975755,0.01174431617825696,0.029474569410426033,1.795513786235062,1.5365533858531966,-152.8817802532954,1
396,334.7051090602153,219.84168606391177,0.8933372485609763,14.01278551597023,0.1354844730640909,0.4766252189901323,0.011640613721956388,0.029541207656160563,1.6426544618554675,1.4879676555605943,86.19145433505615,1
397,118.55866919823902,219.99024623374942,0.7140762946638469,12.673806024124495,0.13226476283801125,0.3991440278426909,0.009248608462698383,0.03692072906393482,1.9961533753152387,1.3400572094443528,-148.88841103275303,1
398,410.8338049093125,220.35232866722032,0.8956585427637976,14.832435080842725,0.11289983901448869,0.48580181808865286,0.014670559002880463,0.03697247396275519,1.6010056099105077,1.5157749065847923,-138.3122874742395,1
399,171.81363148776222,220.9738115452,0.7996622719129352,12.439023821189426,0.0903152049648865,0.4081715719002751,0.009960537254251445,0.025802830179466787,1.7594052137671274,1.3475825668624675,51.46384223195895,1
400,468.8643943445915,221.11088707736482,0.7918163146808606,12.793471920860455,0.10968012878840905,0.41373907103704466,0.009962442450534814,0.027342633286241834,1.8485787239476856,1.4128029973279201,-150.7966425364685,1
401,359.9859274959932,222.2294342415839,0.8396274399557754,15.187349805184201,0.07741303282704556,0.42558638900545975,0.01125127601442323,0.028947739790202823,1.9010198819344648,1.4981952979865913,-143.38476946944562,1
402,283.88680032640826,222.34325524261135,0.8360297008621496,12.542591166794988,0.11611954924056835,0.42808883429947275,0.01221231738301119,0.03297283951087567,1.636740554022394,1.4189774126982866,55.344005672498845,1
403,68.96858985200167,223.23770671913678,0.99889208547323,19.91535428478104,0.1806537411632953,0.6475827400518943,0.012829408993564101,0.03016473469597295,2.0244060804452237,1.3399723868001505,45.380883035072294,2
404,548.2866459480224,224.14252374839097,0.9601833669330169,23.57685308322251,0.13871584890693173,0.6139495586419483,0.008135744645704893,0.02676788202740906,2.1459269682580575,1.474217100464763,177.94094670372118,2
405,444.1162355150238,224.7911010014642,0.7558052442898294,13.948297986514547,0.12258230092624997,0.4293589952537564,0.008194204519541087,0.02344738538654599,1.7685976011702804,1.5288052691371437,61.068134180605234,1
406,256.75389453141884,224.98924205864475,0.8990071056174722,14.580947714705678,0.11935092508340917,0.4733966664874374,0.011629334791834277,0.0280939147249706,1.6538918587878182,1.5290372139994004,47.03463324952556,1
407,151.91673608053821,225.04649123141894,0.5880352661891537,11.328947061431137,0.1354844730640909,0.32743558506907555,0.005280847316656029,0.027118020184311715,2.1693288278860323,1.3340276361435026,-153.93606306955138,1
408,17.796946114927707,225.19187610262554,0.7598619095312341,12.34173257740137,0.09677795665056811,0.40665664328638723,0.01042159458504913,0.029058316275523053,1.7228510729845588,1.4290853985630345,50.37233557732576,1
409,366.95324114533935,225.28991509862462,0.9367342496412087,15.037843260773197,0.14194722474977253,0.4975574118109444,0.01255514669138655,0.032047861814453044,1.8430103311290773,1.4497799986433864,59.02481948405112,1
410,499.3462271770716,225.82462155632913,0.8671713814379342,13.380322437647278,0.08387578451272719,0.4375852802183636,0.014656222856868227,0.03942638578500894,1.771777646568695,1.413244223433016,-148.4886703773371,1
411,204.93967651827907,226.40088207225324,0.8015386950933762,13.18746646135181,0.07741303282704556,0.40667421398714276,0.013224599222425451,0.03663300612457903,1.6644821004243078,1.440779859235011,46.24124240151816,1
412,317.0343354366616,227.36378130173188,0.857401182471252,13.15540934649215,0.11611954924056835,0.44088265645137736,0.012532133588718295,0.03408706954634812,1.6670558209240085,1.4569186031439987,46.0728981546395,1
413,101.62471196949708,228.05847502232405,0.851136549021926,15.79281864632183,0.15484939688761346,0.5175108623625374,0.01310858529250182,0.04060840617275771,2.0135423833010306,1.3305730509836335,-138.4503048864226,1
414,182.99556443669,228.7106787544871,0.5527172258050093,8.070926949907841,0.10968012878840905,0.26672360600311484,0.007070777234112004,0.030771300970157747,1.7007500070900128,1.464844649612748,56.59468983860874,0
415,51.00667064434521,230.37297992966282,0.8526110320970479,12.98712115909568,0.08709549473880684,0.44239403910280484,0.013171659766863117,0.03410514168513457,1.547683112365344,1.4346871748238053,58.30255521846669,1
416,290.3328450613764,230.54405100898043,0.8627150732142029,14.813023494552159,0.11289983901448869,0.46571890799127524,0.015227398634493901,0.04423422650611322,1.6673206406217236,1.5032722954097804,57.14671652801426,1
417,477.8015447493223,230.56827821520451,0.9027612724265908,15.096451319381256,0.09677795665056811,0.4874451233308611,0.01439592673946515,0.03792397727759644,1.6549894087106463,1.4375791070201764,-139.75458086514007,1
418,398.95824159146565,230.78918964004072,0.9802449776589934,16.766874314645015,0.14194722474977253,0.539584523430322,0.013236304059583322,0.029940274879609093,2.0361548399173643,1.3933060673291833,-147.0232561205097,2
419,532.5419276116058,231.38979357735548,0.761437739577532,13.58057441496932,0.08709549473880684,0.41080114722215155,0.014272722264563144,0.0485270107635483,1.8004918780433115,1.438873328244903,-141.7201568902875,1
420,238.60196208001457,231.6695617239776,0.8096432811799401,12.96162012085579,0.07741303282704556,0.40390931740953834,0.014470704711678509,0.042171409863623936,1.598476253162599,1.4135550633893095,176.6293653127159,1
421,215.37471607845248,232.32934919038576,0.8394094084324875,15.344613984741374,0.12581367676909078,0.4708950362265117,0.011014685727453307,0.033039620572241496,1.836683937705577,1.4720369326183511,48.37095141097372,1
422,349.766539495061,232.85235238255075,0.8137903078073961,12.742143207111361,0.11289983901448869,0.4242718284020306,0.011069861731745859,0.029735989764174447,1.6364580004931715,1.500353155990083,48.88820287370737,1
423,134.59680542268006,233.82239785578804,0.9893354935729719,19.483959776953405,0.19999533375329553,0.6389914957249756,0.009679636234063002,0.02379753929695749,1.806023235368156,1.5727918471804463,55.03267829390116,2
424,85.21229986236983,235.34312177911676,0.8079917027926633,12.690044562656027,0.08387578451272719,0.4213585450008045,0.012736897415183867,0.035571338978391695,1.6134787443845469,1.44159849397741,85.91943390459822,1
425,431.8625862640196,235.65559155057656,0.9731048673832418,16.828655421012108,0.14516693497585217,0.5345418869599883,0.014737146303554997,0.036921705938138774,2.1268303095841157,1.3600674205584808,-145.24541698978072,2
426,324.10184528606374,236.28133806958712,0.7788513898178995,12.941531928793076,0.12581367676909078,0.4213446999110284,0.009753035312567054,0.028701972286232464,1.766286835834431,1.4554060409491465,71.85946075255082,1
427,33.152242123167625,236.47770542593852,0.8006661393072608,15.332236765357784,0.09999766687664777,0.45043810826618813,0.011651651361761878,0.037307223045648215,1.9585432993642213,1.431180017217815,-138.40353023425777,1
428,511.34908599564153,236.6301975853042,0.9312811042159056,15.503371363243973,0.10644875294556824,0.5131152918740015,0.016114269177129575,0.040727976782299856,1.649460102299037,1.4132823572052733,46.52824868446239,1
429,248.34757261799874,237.0211941295055,0.8228382472053419,12.793471920860457,0.14838664520193182,0.4396019475912045,0.010690307932121591,0.03094979133749346,1.7868176834114038,1.3619812432417702,62.755432086741365,1
430,271.9505488871476,237.10465795553756,0.8490633616662765,13.367396934275915,0.08387578451272719,0.4244932065089644,0.011248772125304854,0.026719265236855978,1.6207012636552047,1.4873715188237004,-148.64041317077178,1
431,381.82053059151707,238.68929367074784,0.7820145018369029,12.277874991250787,0.10321737710272742,0.412274380941395,0.010737877941209137,0.031516215135674396,1.7498173346481334,1.331527665963145,60.94744251715182,1
432,168.35221558499822,239.42327203327275,0.945455792702747,18.412799514710343,0.2290310538718182,0.596212283569296,0.011744029628017507,0.04287135357078056,2.145588906849338,1.4280090643466625,57.60689930226569,2
433,464.8274048512542,240.04329418550162,0.980495122017271,18.947948018011715,0.13226476283801125,0.5473690841010256,0.017729682373621252,0.0418285516785835,2.2698796491085975,1.4069387287997759,-144.47255569083867,2
434,116.70205271207288,240.73775405179632,0.8195427515955647,13.257623480553416,0.07097361237488627,0.42559216227294555,0.012947494320411645,0.03435373884766863,1.6071913721537345,1.4987888711892463,62.18809091198378,1
435,356.6763051450093,241.38037464681304,0.8124252742537019,13.664800167984883,0.11935092508340917,0.4328513237735126,0.012161793787029604,0.03779634905546342,1.6860757606560484,1.4887727210487434,96.73834332124095,1
436,65.7377229071464,241.5938723236121,0.8159100958123608,13.97766034390238,0.11935092508340917,0.4522430844280967,0.012469862944588446,0.03912856016633687,1.8789597249987684,1.3899287254156927,46.524931793526946,1
437,281.60288128877744,242.14114697872407,0.8987366978607525,14.596299666363361,0.13226476283801125,0.4833279889960225,0.013916700292468744,0.037211301268556166,1.7189439137009455,1.4514170699363291,67.78318698307268,1
438,544.2343789057343,242.3395560853896,0.5642022180303605,9.383892116376192,0.07419332260096592,0.2871488935349745,0.008061942674275681,0.03240610624126103,1.5945538321206933,1.5675369069280556,56.825522850991426,0
439,305.75403111775665,242.60634763897315,0.7867035377986294,12.973962343389093,0.08387578451272719,0.39827743616039085,0.013495030878240277,0.039628863036928454,1.6168349277435043,1.5366478397441021,70.58999505030823,1
440,414.3122948313688,243.23123559296153,0.7757837577154868,12.212827512190568,0.12258230092624997,0.41518899435489154,0.01112390355552949,0.033355719311984736,1.70426818302732,1.4101148167011472,-135.57997874124905,1
441,15.6815773290718,243.9343094059477,0.9988446564260964,17.82575068243858,0.1548377312708523,0.6154392263485131,0.012875047608081489,0.028723326751039148,1.8360377190990986,1.367290269770066,-139.13098410514218,2
442,201.05303878147527,245.01019378382765,0.9588536410990018,17.015783579477848,0.16452019318261357,0.5178936967772931,0.02016470514062772,0.051505175581038176,2.3203843292501136,1.4095320874387502,47.269452971421096,2
443,496.8910173785281,245.0790039940501,0.9448600005370025,18.392967966216375,0.19355591330113622,0.541713516139257,0.01940146709845596,0.07269679741530195,2.476711866648903,1.2725817051519197,-149.96015451000625,2
444,389.89051429461114,245.73337523589018,0.5585094984494933,9.361027507524323,0.08387578451272719,0.28104985880494154,0.007263518568880837,0.028695132494730623,1.6837315104187922,1.5016516319791573,66.14428410048868,0
445,150.4435220572491,246.53149734085983,0.7091408429655262,11.786915844240687,0.09677795665056811,0.36659767218556594,0.012021322068590535,0.04547996384927161,1.7322399869452196,1.4621566262310612,-135.57628916522586,1
446,98.2111150687803,246.64050428127533,0.7340097506846619,11.638645855206367,0.14838664520193182,0.4105890223627582,0.011084436196945857,0.03853396148629218,1.780250008931413,1.4088464491223338,51.66731527078048,1
447,314.90953273831883,246.99196314856098,0.9511215777775694,15.022141340612677,0.14516693497585217,0.5132415393908262,0.010473234679184163,0.023680301394164573,1.6830856475519496,1.5260760471620587,-141.95625370608428,1
448,447.3080186164251,248.0627099172119,0.8878359150447499,13.503161382142274,0.10968012878840905,0.4574729585054114,0.013443489190262874,0.034163014463074834,1.6781620629395482,1.447550054771301,-151.69356887733963,1
449,338.29206179795835,248.59343635149435,0.755107820015854,11.999720025197734,0.09677795665056811,0.3822895420725022,0.013937389606775208,0.04429869275310713,1.6240498240231498,1.4786996635961493,-138.44898819770575,1
450,48.23003573457688,249.17827843127213,1.0,19.116224539791418,0.18064207554653416,0.6425966702142044,0.011406266588894702,0.025270246760923955,1.8549989113891516,1.4471051879899117,-143.48182307619345,2
451,528.3965915494351,249.3569677139983,0.9109301787909184,22.947948018011708,0.17097127925153405,0.615458000246478,0.01551421893018795,0.07206512262450697,2.345125213730768,1.3179724909149968,-141.65555766017448,2
452,234.9065457484232,250.60943082002817,0.8685848448320755,16.94148526632603,0.12581367676909078,0.4789128436587008,0.01093290497511123,0.031186125458900146,1.9964540749706605,1.5964786083312843,50.12318070143233,2
453,422.683605995046,251.20230576903768,0.9093207297820429,15.725846340496023,0.0935465808077273,0.4960731290376274,0.012545863231910084,0.029625668447826065,1.5757553256076,1.5410382993812612,47.95686609625168,1
454,131.4654115363643,251.65437581619213,0.6550206951582295,12.999790018898299,0.10968012878840905,0.36594694529584826,0.008427352350291746,0.04134637686677864,1.988894167188582,1.4445471513320138,-138.523674473704,1
455,347.9911996862896,252.34193103710612,0.8444838382573583,14.690161218823638,0.12258230092624997,0.46845138760857985,0.013455959318617391,0.035945673415506814,1.752717118798212,1.4533401961705195,164.60580540285758,1
456,372.47921577169683,252.5659689743892,0.7575797568897211,12.283474487296143,0.08387578451272719,0.3829681859911823,0.014724952751291435,0.052480834703741576,1.622463346651355,1.4641310917681674,87.64121966880705,1
457,183.73393672265496,252.87441220763736,0.7349078216372935,12.11653951144397,0.0903152049648865,0.3813774408638466,0.011423618036027438,0.03345616723904104,1.7663346680024063,1.4894257302688807,48.69238023733683,1
458,480.18657125719653,253.05458975130162,0.7988088224805717,11.880824059168008,0.11289983901448869,0.4124005867162173,0.010569243385690867,0.029146509017854136,1.7838770551249195,1.3496003501556166,-148.48294240045456,1
459,81.22094091562727,254.33232448712155,0.9999999999999999,20.805930799561374,0.13871584890693173,0.6553739903114125,0.011582303692148818,0.02458586693700191,1.7174596267168238,1.5700033068858301,47.879236044907536,2
460,297.24953943747283,254.71897066473264,0.8267994059074868,12.884160425561701,0.11289983901448869,0.4203875249582073,0.013026686769065042,0.03655119382197993,1.8927646452511961,1.3547386325368616,52.45610075806794,1
461,163.47994063720182,255.25236444206902,0.4299664297296377,7.200181983621475,0.0935465808077273,0.2069709239538371,0.005284090279592626,0.03574929294258937,1.9106647234590282,1.4267955598965327,50.64279578748529,0
462,29.886470958215796,255.3900005687376,0.8022480696366504,13.252023984508059,0.07741303282704556,0.42350674291259593,0.013124315901549824,0.036425583974334826,1.577281904998743,1.509050866899236,62.45502199379103,1
463,268.6964426192095,255.97293816017162,0.9784935485187541,15.958213760761533,0.11289983901448869,0.5094295913800568,0.013550009920051176,0.030376395825433684,1.9029341606234502,1.4193564417839157,56.02400554807506,1
464,456.4341797407191,256.46709867182443,0.9226742230809807,15.967686241571593,0.08064440866988637,0.4822150250480327,0.01612302164509741,0.04675400512616284,1.7305060998345465,1.4273231940499473,-138.30721872871692,1
465,380.20111466206527,257.16814601872284,0.4975055451102389,7.812603532348756,0.09677795665056811,0.24423010535126866,0.0055779485954726895,0.02540555288244424,1.7279976446033316,1.4910739066387266,-147.75981631327687,0
466,216.9611330118914,257.2059375214755,0.8403741071193631,12.258020111523297,0.08709549473880684,0.4096122060604671,0.01215946719477768,0.030630162266826685,1.5536703760625667,1.4849008023671921,-157.8126558970541,1
467,403.8806280147407,257.3246775830355,0.7369658791010849,11.990492522339656,0.0935465808077273,0.3727628165916099,0.00999908269350469,0.030144479137681528,1.6886392892133222,1.4716762683906133,-141.39602749551682,1
468,512.8755775318093,258.2916853413326,0.8149713029893734,13.35183500151653,0.11289983901448869,0.4412753247400599,0.01123868168742094,0.029970839216436188,1.7864631683478556,1.3987432993162077,-141.52254690239107,1
469,114.08050315600553,259.4359232773395,0.9975355055121318,19.799258066773987,0.16775156902545438,0.6192381145945277,0.011191565578519906,0.02791815755464461,1.8846017944340243,1.5248773045583968,-148.81292114703228,2
470,330.44294879859405,259.73558234949,0.76209600592168,12.037936585707287,0.13549613868085206,0.3950417293497273,0.014525811354659796,0.05203467275380765,1.9878344989362369,1.428466239463697,49.571025214532455,1
471,195.60125244919516,261.2379392822817,0.7362862860251813,12.057674809267164,0.13871584890693173,0.40277019610557097,0.010670969764943082,0.036399880310755035,1.7009193292296663,1.5149811743905366,56.896500605639716,1
472,63.563867542611334,261.37562185657293,0.8532614148556529,14.664846830451927,0.06451086068920464,0.4456910341768175,0.015808053378512748,0.045888809733211876,1.6481101656180097,1.5036927911021416,110.39513906361877,1
473,302.6616973047942,261.60319093756186,0.9126925176866185,15.64192389351625,0.0935465808077273,0.4838074574517574,0.013856942235261717,0.03646141759194043,1.7181783691535728,1.44846909746341,-142.09923174972113,1
474,489.8988184098462,262.02684280684514,0.5606152563905871,8.561536128415108,0.10644875294556824,0.28016694811358184,0.006100061603497027,0.024496049537824683,1.8251453905372597,1.3703972377997915,-145.51364707256778,0
475,412.05733935212527,262.37795278936346,0.9081418219454297,14.789832248430976,0.13226476283801125,0.49498607436334674,0.012572696716326427,0.03258023930592052,1.6894059479074905,1.4307096478586845,48.63557293301857,1
476,250.29888233673756,262.4988495898924,0.7719889419889351,11.360980845057279,0.09677795665056811,0.38029669636978186,0.013183683280649209,0.04373661066404875,1.6050915536682966,1.3567208497132623,-137.2455634143379,1
477,12.541725462720759,262.88281450349325,0.7823631361255938,13.728564429201372,0.13226476283801125,0.4521927454929522,0.010772841027642617,0.037166415690568444,1.8975406994873947,1.3592840387028355,-147.8464073766327,1
478,545.801246358921,262.8839998941377,0.7678593420391917,13.377452695924035,0.08709549473880684,0.4157597036051027,0.009429119160704925,0.02557839641741477,1.802208472397921,1.4399504015140696,-138.28566970310985,1
479,437.938080335205,263.28569973960714,0.7983042826123417,12.70339002823079,0.09999766687664777,0.4003217013269967,0.012722479586249768,0.03528762119679318,1.8707155811887124,1.3579005141558276,-146.4809135991922,1
480,147.80085876540943,264.6884705005527,0.9891934750954376,21.931942791815402,0.17097127925153405,0.6760834429144299,0.011910289593125237,0.027393931083619413,1.867969769770321,1.5496579363531175,68.59159033001902,2
481,228.38306755171294,264.6977922957662,0.9525389243020493,15.884510394064534,0.11611954924056835,0.511050102102962,0.017811986823368937,0.0458959987200221,1.7645535512190293,1.446934714983247,59.679528331846065,1
482,363.7895886333647,265.00875082316475,0.7535664308104786,12.096288000746599,0.13226476283801125,0.38745982109397625,0.01072075496673367,0.03376628245718117,2.042521135517326,1.4148055244035793,62.57855418282853,1
483,96.06028800530801,266.6822817967378,0.8450021193972679,13.112853176547445,0.08709549473880684,0.44508227482116536,0.013730161428214618,0.03418358355552307,1.550900968597372,1.4599835492620068,56.92755372648219,1
484,523.0040543900049,267.22300250122566,0.8882576734452783,14.484263082989198,0.10321737710272742,0.47842102579711887,0.011467712608116989,0.027104285527711495,1.6410925497939854,1.4663869625160497,-139.84905992857136,1
485,445.4159845121548,267.4670953141881,0.816208759148811,14.012038916497517,0.12904505261193158,0.4413402505130883,0.013508226730146681,0.04776554986538838,1.9536829537253846,1.3725403583553535,-140.03633892230314,1
486,283.8912536978237,267.87853953040076,0.8222021597213489,13.445463241641583,0.07741303282704556,0.42612181294511664,0.011506561141261572,0.027438497034253852,1.6324393330582978,1.438133112897187,58.2693637538209,1
487,46.20645433137651,268.3979940523339,0.6639680990324927,11.773803691001145,0.15161802104477262,0.38693061959967334,0.008730368296517995,0.03801416234135067,1.9978809725038975,1.3207301863520042,-142.8190268990711,1
488,261.681186026766,269.14807417952494,0.9673397286936589,14.963999906675065,0.13226476283801125,0.5215261952396599,0.014792291879295151,0.0347518980994816,1.7069795758173252,1.3837572701007284,58.76224419220433,1
489,179.43910485791662,269.4194731272952,0.7727487903267389,17.302466111383307,0.17420265509437483,0.51087539821033,0.011992749724649374,0.061691290914831935,2.195054133189345,1.3548222454354197,-144.50498735635776,2
490,394.2756308706536,269.57558347099564,0.7266329619710622,13.541471267585917,0.12581367676909078,0.40132468033200663,0.008783194492439078,0.037649648514504364,1.9581290398672884,1.4833313519213942,54.66297840962297,1
491,367.78927383615934,271.8131346039221,0.7477088104793235,13.883787125825345,0.1354844730640909,0.42447052937919116,0.008317241424715389,0.02582846020685465,1.9052045366452712,1.5371988096984373,-136.13277463500853,1
492,129.27627569406636,272.066197182918,0.7965839005947578,12.252047315741581,0.0903152049648865,0.40899909873334206,0.01087997897242103,0.02917363296029636,1.622943641024045,1.4996947453222151,115.5528226341103,1
493,477.8543872622572,272.73459732947373,0.877987778666235,15.464431534495228,0.1354844730640909,0.4795747340924712,0.012050001398044139,0.033201974696798746,2.2038751472603018,1.3233838186549385,-135.392045353402,1
494,318.19386538476346,272.74987300912767,0.7514201854942418,12.548097337906254,0.08387578451272719,0.38174354268330496,0.011137206837143504,0.03190952713164997,1.7050037041367658,1.5021421724359092,-135.85967907014694,1
495,77.731581159859,272.8640402808843,0.4348923835599982,7.510020764797835,0.11935092508340917,0.22785713086096612,0.004762055349320527,0.03215358520910284,2.0542048236233046,1.465651679660919,69.71393474166975,0
496,294.9041747843517,273.8859530418909,0.9790699602691054,14.883833788292389,0.14838664520193182,0.5368901114153852,0.012013053421302974,0.025530499920459138,1.5920523312534811,1.5176616446688633,78.4827817019874,1
497,427.77737679305505,274.7987435097544,0.8237013297673093,12.561909428151466,0.11611954924056835,0.4196413090098223,0.012844041430082734,0.035522350216575044,1.8044739626983417,1.411308558615857,48.21893182071357,1
498,27.79563911876923,274.8699444880039,1.0,21.05460675205898,0.19032453745829542,0.6876529631720458,0.009618057823680543,0.020248300143206548,1.8397100435271778,1.4997153929441431,-139.43508034454896,2
499,212.60666776550474,275.28362193813933,0.9132478738141296,18.87108326917244,0.2193485919600569,0.5874182675903725,0.01617896361897647,0.06597336588984958,2.266646047242625,1.320791482448619,47.44432723434065,2
500,401.40966372290177,276.4598421320319,0.6951634889419522,10.870908284921025,0.1354844730640909,0.35845038268403673,0.00975938336456992,0.03868748646391443,1.9330108634016403,1.5144428936644447,45.47622622000345,1
501,163.6126098134328,277.21172910654315,0.7924975102288015,12.839084482396583,0.0903152049648865,0.41734591919699193,0.013691346627536578,0.04047526175946111,1.660488784891974,1.4518565607146574,-147.65071525617563,1
502,110.64155016128255,277.6854817189668,0.8345684678380181,14.290182216933811,0.11613121485732951,0.46699794401894545,0.011391230113431633,0.033034650566687675,1.7270170361746289,1.4525413900341029,-139.14118788995242,1
503,510.62302344046964,277.85331221522944,0.9706777774429978,15.86444553323534,0.12258230092624997,0.5133121915613986,0.013821418333876944,0.03367595536819867,1.8715250010521736,1.4576222270731436,46.92002788393243,1
504,328.1832301552336,279.09627514321005,0.9652761279772597,14.680338769510744,0.13226476283801125,0.5161298509894745,0.01295271697124503,0.02904101268821841,1.6041861487539109,1.5051908352914931,-173.53713722734517,1
505,349.86573956720184,279.3432630403607,0.7314769181492989,11.568162198735447,0.0903152049648865,0.36688891492947595,0.010872021719355088,0.03413203320828397,1.5704067805384339,1.5379967236871674,-142.7772173495424,1
506,460.6470082919413,280.4144177219099,0.8444575284850515,12.361214157392501,0.12258230092624997,0.4347116871085267,0.015644670310256632,0.04646574515881084,1.6210028301991921,1.3631875733211065,-139.79885676069927,1
507,60.78961227462348,280.581484927289,1.0,21.05753482186603,0.13226476283801125,0.6637550783348575,0.013367261603350012,0.028691223849331544,1.6553470756716882,1.6178261093681692,-154.89758651472346,2
508,246.8554297751315,281.10145725647,0.9205525256915807,20.037936585707286,0.15484939688761346,0.5098063917583617,0.022785059007592142,0.08055305087770648,2.6749825438442523,1.3338991301297831,52.862051773818244,2
509,9.57197202794095,281.2279582341614,0.8106516469387804,12.535918434007606,0.0903152049648865,0.4232398356875475,0.013772422220046477,0.0401849955870526,1.5290763399280134,1.5008544896738396,55.06811009081196,1
510,542.555292897145,281.7187146513485,0.9335219179066163,18.63234642215534,0.11935092508340917,0.5252120421267481,0.014197857598288259,0.043484533322722056,2.2240528659016134,1.3579871542633037,-147.51883185990334,2
511,144.46316948593048,282.1337411862248,0.6744967965831163,12.64211054338443,0.10644875294556824,0.3718077888932425,0.010019908210780889,0.04229511124466591,1.9393965490294567,1.4324192926431099,-166.1961584862883,1
512,434.4561795045757,282.29744726213795,0.8069158799371074,15.451809337159656,0.11289983901448869,0.44993413105697794,0.012247027727185441,0.04043974284231531,1.8803374394190846,1.5273215303965721,-158.32442584759505,1
513,195.09621585552767,282.3627359440536,0.8002224201530319,11.59979935139171,0.09677795665056811,0.406653340338787,0.012666885795453192,0.03587770706353932,1.6755942695026043,1.3654768511231623,48.11608077388987,1
514,383.80929431048776,283.68575928676927,0.7405362542593197,12.561069503744662,0.08387578451272719,0.3814200327539121,0.012380708525831783,0.0379537144440116,1.8198900805058158,1.4141216670881265,-145.83546904258452,1
515,360.11214036501354,284.21149682454495,0.4831471472331743,7.835701453535848,0.09999766687664777,0.23237999672771725,0.005708631921661078,0.027273269023715744,1.719313353330712,1.5956983323972274,46.79814744112152,0
516,92.98011397594837,285.59007935889264,1.0,20.941251953990808,0.16775156902545438,0.6708276768530197,0.0120869339928959,0.02641372991137189,1.7118812960638219,1.583797752573159,-170.22481734088478,2
517,493.18811197060353,285.5949286758997,0.7965359009917226,11.864468864468863,0.10968012878840905,0.4024509919045723,0.013956333198666621,0.042058804100852894,1.7439364371319714,1.3170722645622892,-148.15126269867565,1
518,280.8739165939877,286.74569958321706,0.9555561259952108,19.20336669699727,0.11935092508340917,0.5311324593058382,0.014405179375077678,0.03532360658948783,2.295868503840952,1.3652938302813495,47.6489071843264,2
519,176.09387455425468,286.924257469522,0.5261417831132381,8.948577961316815,0.09999766687664777,0.27349627545865396,0.005948740134537764,0.025429831808999753,1.847698333086379,1.4652450229784224,49.3837680701184,0
520,42.92824791249821,287.111741625053,0.8178883641308107,12.635449476213807,0.08709549473880684,0.42735799364550325,0.01097857750043748,0.02671771419520406,1.5656930070162156,1.4813028979032399,-150.0329749108465,1
521,468.3666597291981,287.41439468317174,0.9130645713774742,15.509414152726254,0.09677795665056811,0.48913589984386135,0.016346677680301833,0.04437351540861618,1.7251524473935087,1.4267844876589688,-147.88660220267207,1
522,228.9572615940509,288.2007938814633,0.8596574739326517,12.448426308298918,0.08709549473880684,0.42393793569434546,0.011945832883979395,0.028750668295482174,1.5781185210971298,1.4356779580019643,58.67884619609583,1
523,415.90827377562965,288.2387782082696,0.7428934131083236,11.858426074986584,0.07741303282704556,0.36846223387674193,0.010703651857788097,0.029782493768511806,1.585165393470164,1.4927100842957324,-156.1874941220944,1
524,392.5777117992136,288.7720089483608,0.41879677901397616,6.480926716595507,0.11289983901448869,0.19334975075970312,0.005122237605768928,0.03618001151980966,1.903871519770333,1.42604023825234,66.72621810535674,0
525,525.5892984927565,290.05168998755244,0.8589486471739645,12.728867735237163,0.09677795665056811,0.4297658657435165,0.01425950203435108,0.03927679469620204,1.7274183151973808,1.3441446125392058,47.88482496328773,1
526,126.28206037441508,290.4022086139497,1.0,20.541237955250693,0.19355591330113622,0.6656888297938353,0.01063425064571827,0.02616636220543499,1.72840948739427,1.6266961749022368,78.22726535768327,2
527,343.8150419142087,290.870257270392,0.9804986355009939,14.109236835351485,0.14516693497585217,0.5067248348932278,0.01808241982507774,0.041474647915384584,2.046668887867476,1.33496854001484,52.620138715597825,1
528,315.112939280865,291.7263427281698,0.83826716561174,17.226289633932947,0.11611954924056835,0.4644614495307021,0.0123838212994628,0.03524905931763071,2.22887815802813,1.4709902013653977,-136.2062488627602,2
529,208.37297856815326,291.86446280866016,0.5244322771778126,8.109656797554889,0.12903338699517042,0.26464491296668885,0.008178158487877176,0.0421463961412913,1.7980352945980285,1.5983793628149252,95.53045236002592,0
530,501.7799529737408,293.1588915682451,0.957099415944834,15.087188819672898,0.09999766687664777,0.5149236661870731,0.01392413277740047,0.029952127108638437,1.5951691670207921,1.4322412587730677,-135.92307362016402,1
531,75.25378604669332,293.41309293062176,0.7389061930522788,12.974592286694197,0.08386411889596604,0.39634775554945234,0.011326770629768284,0.037163258098567055,1.6702559114267443,1.512449750781853,87.89383700378032,1
532,262.69891271380607,293.65469285091325,0.833272468175317,14.412846177177387,0.07419332260096592,0.4397933129363197,0.01269834307196997,0.03417034477741121,1.6649900163907148,1.4341316720944854,-146.62526953428832,1
533,25.557745022597278,294.0358802339085,0.8320480441414024,14.716665500104991,0.11611954924056835,0.46125424328649484,0.010913693507215008,0.03296729491046761,1.85315338312823,1.4388023417846534,-157.22381697567752,1
534,425.8105593825207,294.073268337005,0.921000748235131,13.824992417349106,0.14194722474977253,0.4888423153497209,0.011782384088462796,0.02814106038219698,1.632889229947516,1.510747337113993,-153.36982252584667,1
535,450.13979706954626,294.2964109600487,0.8235881641327921,12.135904435267491,0.0903152049648865,0.41593639214361167,0.01240351985455338,0.03234389340704277,1.5880604976016397,1.3375035873071992,-136.89495659984254,1
536,375.5828713695111,295.3046248730693,0.7874582855196023,11.541237955250695,0.14194722474977253,0.4061050449487354,0.01290255675190692,0.04246449853130591,1.6186027761495765,1.5344438837501755,84.45412935994011,1
537,159.7049522877522,295.31494624449243,1.0,23.041576258136768,0.17097127925153405,0.6801704040747729,0.012064203939410403,0.030783355182235853,1.9157336463227226,1.531957153236076,86.86868674339557,2
538,240.62585643623052,296.2012212234762,0.8916505663104188,13.935465808077272,0.16128881733977277,0.49988046595510965,0.012585624346989744,0.03409021693316146,1.6666127181401753,1.4695564433830994,-148.60018049398636,1
539,108.2195212955258,297.95206903262624,0.8201549290140446,13.257693474253983,0.08387578451272719,0.43114426253251525,0.011312250612336238,0.02820261346735439,1.5960557765957681,1.5293577431284597,128.69978637113218,1
540,57.84152909359766,298.21519833033915,0.5865433703271381,10.490772497141922,0.0903152049648865,0.3091916846479659,0.006735301508410671,0.025864200949041016,1.799587454759986,1.5265939976153577,168.07860575074568,0
541,296.4268523483434,298.75495365659134,0.7913864172772052,12.39364457198852,0.0935465808077273,0.4022281184127994,0.014366178933120711,0.04324937261488466,1.6246230298615814,1.3805555336494517,-147.36733355105974,1
542,534.9672727433306,298.823865292699,0.9591883848669336,14.903665336786354,0.10321737710272742,0.5117232665187812,0.01251223097317437,0.026695361308294172,1.6025101051726,1.4612084491676274,62.493051809998164,1
543,458.24119804933065,299.53489321167854,0.6856086898563679,11.05811810270409,0.12258230092624997,0.3646193468271315,0.009740120145952293,0.03663893145824494,1.7148365532321155,1.384093576003234,65.00750807135827,1
544,483.68224175962973,299.99206180271005,0.8534568183905257,14.064184223419891,0.08387578451272719,0.4305712838079834,0.015160434963795804,0.040415683271555175,1.98120562087647,1.413244809096426,-147.2755721416027,1
545,6.934472818480231,300.63872457859907,1.0,19.602925736683698,0.17097127925153405,0.6490074378327095,0.012413684558737556,0.026636655513741204,1.8035755968103493,1.4173996330851693,-141.79004227047747,2
546,274.3230440604281,300.7484134976793,0.9882744066935136,15.025804344275684,0.14838664520193182,0.5313779738405044,0.016295586457417112,0.03926323098657317,1.7062009060355108,1.4025768070821545,55.686382705979014,1
547,192.41060534951077,300.88154125795705,0.9981572780135701,20.335619794218516,0.206446419822216,0.6526616282762839,0.015424423357270624,0.04136265921945311,2.13134824457264,1.3987848243611258,45.78890715903156,2
548,379.2526538734479,302.2298516833456,0.8533268230683251,13.235050512120578,0.15161802104477262,0.44876067672658937,0.014259756761675468,0.04044508382699167,2.0102715787563095,1.3923639430029358,-143.96744450158153,1
549,141.69719727181925,303.18470930609453,0.7880419903217561,12.335246494482163,0.09677795665056811,0.41448838146287986,0.012972802834596448,0.035897384778724555,1.6328923612166997,1.471367654259105,95.84394738263825,1
550,89.92927016459662,303.27102119393754,0.5393065490285314,8.2937285644292,0.0935465808077273,0.2674011966586893,0.007801296098405158,0.03248182465608227,1.701562756511255,1.4575615312989658,58.12540658794364,0
551,490.5901502920714,303.60652239932574,0.5586559299766232,9.857796131681482,0.09677795665056811,0.2801882899379554,0.006831604512465764,0.03485484740601585,1.9309222238975396,1.4196147830810333,49.970627715776025,0
552,330.5162589855266,303.63028832540346,0.760413008484458,12.567345605562165,0.08387578451272719,0.38896159519977647,0.013283418288958031,0.046035090945557924,1.6493771506267996,1.430028346729782,-154.04603550622372,1
553,517.1005207658018,305.4386705617315,0.8333113057102766,13.877067730570912,0.08387578451272719,0.4219438989790795,0.013290041922132477,0.0379204920302212,1.8799098445645315,1.460386748247043,-152.45235926344114,1
554,307.5637731437714,305.67102818648095,0.8120723606890743,14.45155269359091,0.1354844730640909,0.4565274888210813,0.012638980509768057,0.042289842985014016,1.8435535361831807,1.4338226464192607,63.0016061233499,1
555,40.352961240140274,306.0006824016889,1.0,23.118907631646483,0.13871584890693173,0.6974829526684612,0.009398757636646101,0.018561168287264104,1.7176281689872095,1.62276672827364,67.73812027406937,2
556,225.2560225923421,306.689226825605,0.8558507161180408,19.451739343459085,0.206446419822216,0.5407528991589422,0.017124885417635023,0.06792465829886087,2.4048057781301435,1.4624369156953991,49.20417315174717,2
557,413.0832412735946,307.01901812239765,0.8688364272518716,15.703110053428524,0.12258230092624997,0.46108702068439444,0.011668596219006927,0.03069354927945761,2.184133087959202,1.3791497023546013,-143.14977978103457,1
558,123.50279542929847,308.0635031940441,0.8895863536433753,15.070670306339096,0.10968012878840905,0.4862872512420483,0.012274153650416886,0.03425126322602881,1.6001233622066677,1.5690295998639565,172.07438067615823,1
559,174.73524460650523,308.3723253008326,0.7883515099087482,12.638972492475677,0.07741303282704556,0.39781085956626877,0.01292315500691602,0.03871829494147957,1.5886732590889738,1.5081972859415747,70.35274035894408,1
560,361.7030552687977,309.51982385750637,0.8024725937188988,12.625533701966823,0.08387578451272719,0.40217728870462366,0.013502206379945057,0.042167674227172665,1.5759897554534803,1.44302300218253,49.894428621483705,1
561,339.9755964624742,310.23393857122386,0.3752360363228405,6.897132591400107,0.11935092508340917,0.17597415143688538,0.005388310120749932,0.058669919252880606,2.254130418471473,1.4232122688789677,69.1686121164481,0
562,73.0803148067468,310.3490226066967,0.990178602947793,19.515970229346024,0.1354844730640909,0.6157855697853998,0.012858256218423365,0.02894007011084082,1.7881486940186755,1.5596219674215213,71.36796448875316,2
563,473.4507811837104,310.4317487894901,0.6366744259699632,13.371001609855114,0.06774223653204545,0.3388339645002931,0.0091707728299806,0.03767797186506138,1.8558798343354332,1.592384822531533,72.86522205345521,1
564,258.8236310250499,311.8384370786912,0.951549807198976,20.764097897855862,0.1580691071136931,0.5774382418874869,0.02087411606310215,0.056412858951965635,2.3686290426615915,1.3848159958982544,52.925543268089974,2
565,156.6842619856353,312.451912819394,0.5468113752973782,8.263829588670353,0.15484939688761346,0.2872716015255041,0.007963076470172884,0.048110141215114324,1.91808312295654,1.4668365609668397,152.40233793582945,0
566,21.85316684919903,313.0245811358654,0.862993623162348,14.335853106553742,0.07741303282704556,0.4565754354213009,0.011538321898041604,0.02642919859685314,1.6172393331193364,1.567436472372342,97.82992100670167,1
567,447.1320275751819,313.1074358332262,0.9592427067617789,15.141853899815683,0.12258230092624997,0.5123185013354679,0.013994074052741027,0.030552875790037813,1.868624759992994,1.364609327512913,46.51660024700219,1
568,395.1294640289202,314.14963924856454,0.7827432712368683,12.616177877324375,0.08709549473880684,0.39696049870877426,0.011107818364904326,0.029697254452824437,1.728667295328652,1.4667720732393505,46.794815371860274,1
569,207.59834061664012,314.6054274075439,0.7267919037874895,12.006906045122605,0.07741303282704556,0.36352586816818366,0.012176108745264078,0.04247504545659221,1.6265136465773997,1.491722843838899,53.54787073739833,1
570,506.32974283219687,315.2217248320703,0.6329892118918866,10.019294930122955,0.12258230092624997,0.3318053274039334,0.009293588257711958,0.03695573264930234,1.7785486994076285,1.4532753411886805,61.347030177294066,0
571,373.08912826671923,315.65581330560366,0.47320291668748393,7.0964979818483,0.12581367676909078,0.22383784549255673,0.004785157855415326,0.026747245435320383,1.742245321375369,1.6807959192320314,176.76578281651936,0
572,105.20519950906213,316.0658797371868,0.9965763984081658,21.296924943421757,0.206446419822216,0.6654687736385814,0.00886799086571045,0.020672098413964453,1.826196708566835,1.6441581277954997,98.9039016603674,2
573,292.6811172266399,316.8761486121188,0.9439348056910641,20.66729660997177,0.1580691071136931,0.5492110183602347,0.019751596705033177,0.06621961935558582,2.5570808394651428,1.252718181456355,49.156273200847984,2
574,188.83198784441,317.78210431088047,0.5395464889278003,9.032873708032945,0.10321737710272742,0.2759366123133468,0.006928507112294349,0.03024088093591844,1.9086757591289822,1.4286689172483913,150.00008679746725,0
575,55.780416266196916,317.9711034186577,0.8903843280654136,14.222463311635288,0.07419332260096592,0.46688770796246337,0.013466114196670638,0.03076454931052579,1.6145344946845488,1.4771363884493918,106.84798800916221,1
576,480.6851228679763,319.0505064268041,0.9475429427732364,14.100079326193976,0.0935465808077273,0.4899670834930025,0.014593484157016489,0.03264985626652229,1.5415133033194002,1.4773686429067616,64.51537481551692,1
577,241.0673729899122,319.12862573434643,0.8644398976439527,14.135811110333403,0.07741303282704556,0.44998681470749935,0.010651213746078001,0.024542553049154252,1.6144357327048304,1.5178804344885832,109.08605129394724,1
578,428.7653909516083,319.5364911698452,0.7461795901609583,12.593616574508296,0.0935465808077273,0.38762475456197576,0.01286259921385529,0.042275205830265575,1.6987285459615977,1.4221719036858975,-150.08283726953988,1
579,4.685724189181692,319.8918726174587,0.8570865450578453,14.238258556729894,0.12581367676909078,0.4540526295897641,0.010895010905011696,0.029201196794413613,1.7442346326956026,1.4664672650143078,-141.31104983096333,1
580,537.3777779544183,320.1543830683698,0.7951610881265156,12.07161522129675,0.10966846317164788,0.41404413037802673,0.014509437714654138,0.04332232376250726,1.6498463996109167,1.4891531328803853,-161.84125621104297,1
581,405.59211177299295,320.6669114940093,0.4391138145089422,7.316441520263176,0.11935092508340917,0.21422678479129323,0.006660440167163971,0.0447110352768408,1.9428274173154236,1.5405751035670951,53.14137109229999,0
582,138.7676416698763,321.2864487161661,1.0,21.961328480436762,0.19354424768437506,0.6785565994957149,0.00887899031539123,0.024273941372787315,1.9648810313535867,1.4416841786581711,100.71992784499339,2
583,326.75407930027563,321.9650273846108,0.8271376359068394,18.328923730197616,0.16128881733977277,0.48230608013032755,0.017308278820189708,0.0628390269913252,2.5680933873569827,1.3383048100588897,49.486233038896934,2
584,355.81367224496,322.1371653929011,0.7604001086387681,13.586360560882854,0.15484939688761346,0.41452432146744944,0.01334405438462972,0.04396712108459128,2.252001821404625,1.4235395727129563,50.85442708705433,1
585,221.7806689116326,322.7825067002918,0.5306896368240799,8.138797508224261,0.09999766687664777,0.25763572020886905,0.0067919209459701025,0.029859118588219276,1.693649278032772,1.493045054021171,83.29913871417368,0
586,86.94676531516946,323.26785606713577,0.7948161562530844,12.890063227642846,0.08387578451272719,0.41868324404223245,0.011152794249179058,0.0292803330576669,1.6411936555850721,1.4799673625638394,124.81226877871308,1
587,274.825755443264,324.2591095754594,0.8109355438642125,12.096661300482957,0.10968012878840905,0.41873633422263146,0.012003317723133547,0.03142273456943039,1.6563837208702779,1.3974545741977482,-137.56107119093437,1
588,513.86517406917,324.55504075408834,0.9270057224994173,15.55456008959194,0.09677795665056811,0.49943054109480134,0.014910175690446554,0.03774627369308092,1.7285377618246365,1.4804448400141703,45.11470059089952,1
589,37.5749488196106,324.59086902136875,0.8814080058944248,15.27085228996057,0.12258230092624997,0.4978552488359807,0.013219690784960311,0.03888877024920872,1.6877013197706794,1.4793482967923084,-143.296753591345,1
590,438.0195205740993,324.9990874820256,0.534301155792461,8.826485616294534,0.11611954924056835,0.26226979945015805,0.005330420241190086,0.024672962986930103,1.9747360140477919,1.4183690135253137,87.59268965278059,0
591,462.5715959746884,325.58460535377816,0.750724175390066,11.174120995777047,0.12258230092624997,0.3804729369394101,0.013092942469141777,0.04831480642254433,1.73786702533829,1.415985940151294,-160.15078965150397,1
592,172.0054945407364,326.5754141705144,0.9996989502630041,25.42555003383029,0.12903338699517042,0.6807106203162818,0.012472416151455208,0.03338651041228178,2.0203652045791056,1.4996499020334455,79.99586592277083,2
593,254.59126351164082,327.6516146976978,0.4438951784692266,6.290333869951705,0.12258230092624997,0.21078464495809482,0.006398549926170097,0.04284580279687915,1.749186888816454,1.4876162255354506,68.33821908486937,0
594,70.33157178911208,328.9048484951183,0.8904597145875978,15.22572968432841,0.12258230092624997,0.5070072428387968,0.012147545842005237,0.030622841383475444,1.6925163664642344,1.504931161169788,148.8444313927172,1
595,120.44722406625657,328.9903810422027,0.8218637039042942,12.748465971395907,0.0935465808077273,0.41520291063770476,0.013027692116303157,0.037807414223049576,1.6722688385372235,1.4617032026346661,77.63814818871813,1
596,204.84342980088726,329.5492062300929,0.8224667591411237,16.88992324024171,0.1580691071136931,0.48982340886193493,0.008537805171892999,0.035948536857623295,2.2089409453713387,1.4140495510228062,84.3144974944884,2
597,308.6286864961361,329.6730831635566,0.8012387627478361,13.587410466391358,0.07741303282704556,0.4157827139156173,0.012246132153300917,0.03552580474584814,1.6623204734742023,1.4435846237368988,-135.05240481701813,1
598,470.6396667536209,330.0630787008453,0.5423697572041536,8.593429924640116,0.12258230092624997,0.2685594737189846,0.009838320153728649,0.04570246765580695,1.885507828580067,1.5235975965704789,70.17531033259446,0
599,546.8976320559002,330.21078658707495,0.8779983298543155,14.335176500781598,0.08387578451272719,0.4594900314289795,0.012360537140922032,0.0289081229318704,1.6110737993007525,1.502877538931809,-137.95397289267083,1
600,495.90155302166113,331.1812104282641,0.8870751992822632,13.82555236695364,0.10968012878840905,0.46157222365827877,0.013393632330124972,0.03230886922376196,1.8063803443970357,1.4549517288691296,-160.91829388928653,1
601,420.68572137692985,331.6042312731923,0.7876211475342909,11.612118242691489,0.14194722474977253,0.4057052945716243,0.012163010823711908,0.040558827261243366,1.9124679215768066,1.338948238642672,57.78504486249412,1
602,19.175521776632657,331.89913599137765,1.0,20.200088658687385,0.1741909894776137,0.6793234002648948,0.010511375257714983,0.020575037311396243,1.7135112403244823,1.496921140735858,-165.64180166231122,2
603,286.9099275524478,332.0578298899535,0.9308970374524025,14.193019294930124,0.13226476283801125,0.49050585517138995,0.011643298186616075,0.026638143256299342,1.7582134846148911,1.4242833904927399,49.27749134142521,1
604,391.8812387629791,333.1394754511946,0.8669117276868659,14.921852033317,0.16130048295653393,0.47046716307258385,0.012721875211696898,0.034284721013091116,2.182352349645048,1.3980893151447678,48.439922517157285,1
605,103.17108428472301,333.891089783749,0.9401185152162808,15.26431954457432,0.12258230092624997,0.5260823705365674,0.012106729375406355,0.02646649174742388,1.624174586173676,1.4870472380925068,75.49225685517129,1
606,153.66659174203426,334.12002190639345,0.7740032687609415,13.670621310748698,0.07742469844380673,0.4036032236941324,0.01063089972064851,0.030073350955391816,1.7862715751749008,1.4633527190565367,91.5821358278813,1
607,342.2946343768543,334.3883509068358,0.8397367459763284,13.864212220900118,0.08387578451272719,0.43036506996770485,0.014790750245836277,0.04151576027051243,1.6578698817437205,1.47513183515103,-136.49835821357448,1
608,320.3005696935185,336.46010661959184,0.8547800560904508,15.399769020788131,0.10322904271948857,0.45708960013070254,0.012499967864923727,0.0369217463654908,1.6828502223038546,1.6302973186959282,59.6783674433261,1
609,453.5953247861751,336.57580644178597,0.716549540117553,12.632113109820114,0.12258230092624997,0.3871584480904583,0.009708556400508647,0.03710230500602222,1.8899784287417158,1.4403371154362758,-142.10021291390478,1
610,52.27577816830991,336.80693562355157,1.0,20.19280931382842,0.14839831081869298,0.6690928793971553,0.012020484673100894,0.023813911957119207,1.661065578640586,1.5252491435609477,50.356558939347366,2
611,529.2547424149292,337.07021935160725,0.9064498486075792,16.50320804460932,0.0935465808077273,0.4700277292147793,0.01199661686165616,0.030779039203347056,2.11337404106365,1.4105785507335464,-154.34087607761447,2
612,237.57197588708664,337.51418748746323,0.9122843351597948,19.760691537761602,0.14516693497585217,0.5369917773378886,0.010613494122918518,0.0362792579915692,2.06477678292902,1.5163893163912068,81.24868253969534,2
613,425.8333496645413,338.6881093960074,0.945736086486719,16.0936749025921,0.09999766687664777,0.5030960069650616,0.012849099572651656,0.029735124109518667,1.6745701026120532,1.5276719182830867,60.521626352419894,1
614,136.09550877613896,338.74664301932086,0.855692615559436,13.600662607032035,0.11611954924056835,0.45996319789484374,0.012197869264716218,0.030399894529628674,1.636109370718784,1.5009322770032345,53.13856081847869,1
615,187.68517179159448,339.30195287334055,0.7597960264332251,13.058444739973403,0.0903152049648865,0.40830878272199433,0.011714814747392836,0.03489456916857056,1.6458774117228856,1.5048437553978236,74.91373289706651,1
616,373.78373072975927,339.4398609898754,0.7414826540549907,11.709316161545463,0.08387578451272719,0.37032494883924294,0.012529557346405538,0.04016487323089713,1.624846361856146,1.4070723898732151,57.88779568182511,1
617,353.15203147867805,340.9670201005997,0.7353902536115184,12.01287884090432,0.14838664520193182,0.40518831780028264,0.007651887575060312,0.02368594268300743,1.7567139743582558,1.4719341890723534,120.31555467446728,1
618,485.6179328473466,341.04338732692486,0.8025650252587502,11.961153496185343,0.10968012878840905,0.40080743871493846,0.013676395407169256,0.041488132362633434,1.7673731955318475,1.378535630251775,64.74808855323855,1
619,85.12642273221105,342.0304606794775,0.9999006294745583,23.30279274865262,0.14516693497585217,0.6962585520859779,0.008333817216641358,0.01590027980386131,1.7964974039303743,1.603809665199824,111.64856058505532,2
620,271.16741229699517,342.86851126171393,0.9062360733614249,20.3221110100091,0.16452019318261357,0.5258984358275591,0.02011660854569844,0.06748948560512066,2.548168291567091,1.36760067682914,54.09658650852621,2
621,168.60293864232182,343.1779949731468,0.8074068954254667,13.309652131308182,0.1354844730640909,0.44032756794282935,0.012674740708814051,0.038646345719438584,1.7271542886277416,1.4957177172924894,87.72303062360261,1
622,34.01162275074727,343.9831531444776,0.8549240491389634,13.24483796458319,0.09677795665056811,0.4511589732370853,0.010452310697170642,0.024275293028121415,1.5961261464529382,1.4983669433223772,97.06824322973793,1
623,219.270116955317,344.19789887341886,0.7577664312404777,13.052051981988289,0.07741303282704556,0.3947761556947078,0.012353255874349087,0.035246614367467254,1.6634618590343695,1.5322457043483626,68.65835892466939,1
624,459.415068959935,344.59010001099796,0.8694430672416313,15.654907724971418,0.09999766687664777,0.46813974436267547,0.014839876889894642,0.04297503319031368,1.687606075640419,1.5200986978803603,56.06723417361366,1
625,407.55647175548125,345.494898573114,0.7619074723222726,12.574228319451251,0.08709549473880684,0.3822012691269657,0.013389961336274854,0.04721837395641709,1.5729957482849382,1.4709672680055619,-140.16148767597596,1
626,386.15121370454807,346.10241261521844,0.7638606663313684,12.612934835864774,0.14838664520193182,0.42230849477639126,0.0088649205896376,0.02643875174983474,1.7343291771859233,1.5047997963449637,114.29206873061132,1
627,517.2572215917679,346.2024531064906,0.8296326233739302,11.220036863348964,0.11611954924056835,0.4186190455573725,0.012688143387634803,0.03381724779813261,1.5533430092657343,1.4039127858062639,-138.71981327918814,1
628,117.84068757498213,347.4803102102951,0.9989317899376551,23.412519539908075,0.18387345138937494,0.6858060042280643,0.010153271204858013,0.029878808946542483,2.0151787911848125,1.4922373583546502,113.91342401891333,2
629,201.44622592952294,347.83781948112977,0.8502739061383314,12.67697907188353,0.14516693497585217,0.4527591355974284,0.011092626462313118,0.03298968306789021,1.675188396879584,1.4671087825428548,120.44562317385157,1
630,304.6196943518218,347.96295389327486,0.9608266909268717,23.244907958283754,0.12903338699517042,0.5593859038789989,0.021596901519461847,0.07401809879169195,2.496228117757459,1.3608446392212583,58.762992775590035,2
631,67.06259653357893,349.38934017315955,0.8673689411209915,14.838267889223301,0.07097361237488627,0.45876788772048416,0.012891371702682446,0.03295919284390239,1.6229370750907401,1.5407223455537193,70.96136061814084,1
632,492.9145551860427,350.1463849881201,0.8750473021465228,14.870698303819324,0.09677795665056811,0.47289703167231895,0.010676052278201632,0.02489049565086242,1.7178580711366813,1.502061119027136,49.1373964197124,1
633,253.3191574407723,350.1956012263775,0.8088351648801841,13.328713749095915,0.09677795665056811,0.42527012613403914,0.012270018855355348,0.03350212687311263,1.654155992741183,1.4519995465231226,60.06034980953526,1
634,417.97722627145396,350.63095189263936,0.7792831593390854,13.373766361027506,0.13871584890693173,0.4250973440195488,0.00859119082931189,0.027776888777466195,1.8253468949577571,1.5238724382756816,104.04773472099924,1
635,16.997740574567658,350.9995981380848,0.8964554666298835,15.555376682765218,0.10321737710272742,0.4957762661112212,0.0109842001464171,0.024967786699068104,1.7145617146003396,1.569227351061695,-165.7971196110814,1
636,441.2689060984444,351.0864596623852,0.8496319921839277,14.142250530785562,0.07741303282704556,0.4287604856752377,0.011319434891617453,0.028408361378376008,1.7111114421828826,1.432455947194524,-159.29514582702168,1
637,150.87520306745088,351.4490785310785,0.9951353145814228,22.26378292620331,0.17420265509437483,0.6568078138641575,0.010049380516384689,0.027865159938636832,1.9766116486111067,1.509801248926881,88.67834275885804,2
638,550.6481978676842,351.7881671413205,0.7274029177634753,11.935699120412497,0.11289983901448869,0.39488063528557693,0.010167591852275578,0.032905150832349336,1.6631744868066558,1.4978852912658542,-157.5792212959154,1
639,233.98401977791076,352.3458850685353,0.6876151747699477,12.599916007559319,0.1354844730640909,0.37531774227996234,0.008250752600712901,0.03225846052881966,1.966543675734075,1.486391254836363,103.80192913212964,1
640,337.91354789262897,352.942739575471,0.9808436792443844,21.360817526422622,0.14516693497585217,0.5586702173921044,0.020209976351600854,0.05568308291730212,2.5451457788196215,1.3156481510412128,53.245386522675595,2
641,450.447228271352,355.208371366661,0.6630491852176909,12.612188236392058,0.15484939688761346,0.3685248494110785,0.007046085380309535,0.0317631334838048,2.0544226922428934,1.4830966666500092,92.30741548522458,1
642,286.8800160415993,355.59113761945383,0.8520187672908341,13.909661463801593,0.08064440866988637,0.4398057202626779,0.013579339048695613,0.03563187284422926,1.5679987020979969,1.481564109134927,51.4316071410381,1
643,49.8214618662625,355.7529403190491,0.9301887618195859,16.541541261286483,0.08387578451272719,0.5186008176899642,0.01263284306896142,0.028285193063627163,1.6828443398581387,1.5185329648154702,175.18100329417337,2
644,99.80634204347639,355.8183321789217,0.8365290802516544,13.677142390518188,0.09677795665056811,0.44732372366204176,0.0106031712074452,0.02651189700772744,1.6422839993783171,1.5302933772318654,102.04223305280858,1
645,526.1427280603614,356.04347837682104,0.9134455562582209,14.922493642238866,0.10968012878840905,0.49487095863145375,0.0111557415457062,0.025009528421749097,1.6711196219290874,1.4685512229017368,52.387539250521655,1
646,474.8202174109325,356.85821143252235,0.8386914808378578,11.916194209187841,0.09999766687664777,0.4143124615781013,0.012320091374769897,0.030904119272434753,1.6662981872948732,1.35033272819,-149.789090528332,1
647,183.80715774618736,357.15818306861064,1.0,24.48377312708523,0.16128881733977277,0.6862387115247919,0.009610893035376185,0.024042065952121622,2.0420429171925645,1.485175850028175,82.56095989746618,2
648,266.69134962325563,357.49458276757355,0.8270681420395649,14.070203681668652,0.12904505261193158,0.4441438241144714,0.011986648916826107,0.0406712450596457,1.7693110164211256,1.4912814021418492,73.61240531303399,1
649,371.06146866422176,358.42502698663435,0.9361508868178144,18.8513333799958,0.17097127925153405,0.5248912261697509,0.012773840335321605,0.03876214602327378,2.631578492394131,1.3484481033989584,54.64772883971459,2
650,133.19238731743613,360.0512119146393,0.8219220446602321,13.09033853619841,0.08064440866988637,0.4219923420424359,0.01148837495312452,0.028812008446552576,1.5908666388453436,1.5493452717680345,67.47424687424898,1
651,82.6811599691609,360.436342663122,0.8170050280344935,14.225659690627843,0.12258230092624997,0.4722378222215029,0.011397071937158543,0.03431554344509997,1.6039336606964067,1.560728409667037,153.09357059681386,1
652,483.03951982055554,360.52175101637397,0.7483819204030037,12.52245631226523,0.1354844730640909,0.40371699026728725,0.00909888732437382,0.03324165661710134,1.789919448463155,1.4516126822495352,111.72793694915596,1
653,320.17673534413734,360.8103047336071,0.8450663773413882,12.89727257880124,0.10321737710272742,0.43254801454940767,0.012224666956538477,0.03051986892042987,1.6838746791368766,1.4528147739624437,48.58786995152816,1
654,216.75312204770714,362.42182982446536,0.9512673461742688,21.890039896409327,0.20322670959613634,0.645110978300665,0.01178485034814582,0.03794882378088266,2.2242786373932275,1.3901171646455097,81.87152527933041,2
655,508.12056260233214,362.652691838586,0.8594420645597675,14.031987121159096,0.09677795665056811,0.44110731918386403,0.013897647681496846,0.03620169040279544,1.7354924767203685,1.4546221676014788,-145.2509803596028,1
656,432.7556559261381,362.78177406197403,0.8585716117320832,12.899570705303189,0.13871584890693173,0.454398266088997,0.012840163533177138,0.03341150664135018,1.6646173746891693,1.4954528887436718,-148.7625749528246,1
657,299.6598458813426,362.84369712116404,0.9604437129648851,14.396304332610065,0.14516693497585217,0.5170045326419698,0.015278257075864513,0.03711623560489729,1.6023336074112045,1.4662145881223676,-140.27459604886943,1
658,31.550697055630085,362.97547649472295,1.0,21.383308835538138,0.14516693497585217,0.6663993163230184,0.014551278096275117,0.03194147253470273,1.7228160584687455,1.5729535361344418,55.405449849161144,2
659,165.33985079392497,364.6195864139679,0.8107914401393173,11.999720025197732,0.09677795665056811,0.4074796560065165,0.014806158677994999,0.04405888445663582,1.5716886711103315,1.4563963567637583,86.88938929930205,1
660,404.74936238084797,364.65821800646296,0.9677258653160576,17.79403187046499,0.10966846317164788,0.5307189432910454,0.01320329821145444,0.03161480423060661,1.948576569356121,1.523237813861429,49.737663557761906,2
661,515.5348036538363,365.5139849174217,0.843898166132375,14.554770070693639,0.12258230092624997,0.45152597977194114,0.01183651815301789,0.04068285403600037,1.7323670924062253,1.5014932650452508,69.77003676751848,1
662,115.50818438382514,365.588784895843,0.8941113047118048,14.271178927229883,0.10644875294556824,0.4756016033316519,0.016854431594114375,0.050944180064777154,1.6281779969842005,1.4362521792837692,45.99909565030838,1
663,353.24191718103407,365.9948461501269,0.8612929517862725,13.6835351485033,0.08387578451272719,0.4375477198635528,0.011230240738045022,0.027099813180999112,1.662962593534485,1.4397418182622719,-154.42383617648701,1
664,249.86801025423313,367.5650021100876,0.8514759840660024,22.835083175847505,0.1774223653204545,0.5756072108750221,0.01777654347791017,0.10262249880777857,2.3663409283693078,1.4170107132019378,63.45148906634185,2
665,465.2195830377662,367.9106324957732,0.8093709745984085,12.425701686848184,0.10968012878840905,0.4192338427621152,0.011208703285068575,0.029449762257552803,1.5603538229474319,1.523904651326923,-152.88131033609966,1
666,332.8843388103022,368.167090939769,0.970518609532945,14.751160728867735,0.12581367676909078,0.5084993106728389,0.013369579927765248,0.02967262534349754,1.7459798546496739,1.4333522962043748,-138.88662700948322,1
667,64.62189684993156,368.355104128305,1.0,21.986981171694545,0.1354844730640909,0.6861277365164289,0.013788180008736021,0.03000092429861643,1.6927984780598413,1.537649853926488,84.87527399946569,2
668,438.4336730618081,369.92518941785556,0.9053531983602481,15.096521313081821,0.10968012878840905,0.4817178026897996,0.014187690374768941,0.036357221883296084,1.7179903287203229,1.4350517750213099,48.680882137446986,1
669,13.369273173103128,370.021700603979,0.8500980189456313,13.941508597559553,0.07097361237488627,0.44498691668014256,0.014818751540049852,0.038514989730564796,1.6100483697252266,1.510353455840758,70.42945808442302,1
670,199.25289004874986,370.0926156752817,0.7912914031838638,12.097151256386926,0.0903152049648865,0.4107995327249798,0.011690709063202995,0.030427046395862394,1.6062496631895302,1.39705523443102,71.88314219386724,1
671,147.58754648454587,370.4036035911613,0.9242702026568403,14.560509554140127,0.12904505261193158,0.5014919489072246,0.017256616242626584,0.048468869654968216,1.5764067419389747,1.5178573326573084,74.548192986463,1
672,548.0331522860504,370.8992162901487,0.9548139609047588,14.774106997036935,0.1354844730640909,0.5027503771450629,0.01207826628983155,0.02717472060908381,1.8281139560468895,1.4486023878858227,-169.11788669626253,1
673,386.60451546763534,371.2925481464353,0.8048365217044106,13.032267095961362,0.08709549473880684,0.4136707175678886,0.014710208837905208,0.042484977786439344,1.672561792426229,1.406623684975644,-142.3634855970461,1
674,365.3858982188212,372.75986765896437,0.8452533655258074,14.141457268845803,0.13226476283801125,0.4639786491996551,0.013265999566587534,0.03860690844591822,1.6493496363783864,1.532520267664073,-161.3679599793724,1
675,497.6680203562708,372.9731181709729,0.7950787949783936,12.27075896502648,0.10968012878840905,0.40963578103464116,0.01103728113152541,0.03160394014732929,1.6296585442755618,1.5129900145734223,144.8790345958723,1
676,97.5950108612918,373.24769601581045,1.0,19.542381185693287,0.11611954924056835,0.6251140928332855,0.014587041792055108,0.03181340552481936,1.6326366365986176,1.548338547689285,58.67823874066885,2
677,283.4625057473545,373.57135316608674,0.8640019897784784,19.58029444016705,0.18387345138937494,0.5319567800144365,0.016758834589782595,0.07321546755911017,2.421960913045897,1.368810251350836,60.322491630793266,2
678,180.59030239399075,374.6894006863832,0.8918276685210025,14.412799514710343,0.12258230092624997,0.47419514817695896,0.01518758031330648,0.043690427798001995,1.725620880369848,1.5100600868662297,69.93723680590729,1
679,46.44352463136775,375.2825817042942,0.8322264121744621,13.313000163318636,0.08064440866988637,0.43512125082498077,0.015621437577119274,0.04491975632438585,1.573926367558204,1.4655689316072378,-170.14850808283893,1
680,232.24726192210372,375.6844998526378,0.8615714061347145,13.999755022048014,0.09032687058164765,0.4543305129630951,0.014653802596216793,0.03733352010536521,1.6484033318686653,1.4784144510634676,-162.7485742122841,1
681,471.95274212266963,375.7320237436443,0.9354814891002998,15.767422598632788,0.09032687058164765,0.49732601159207546,0.012186343958999776,0.02731605976700011,1.6555991698258694,1.4919472274252639,-140.194591448485,1
682,420.13889861844876,376.47806564076,0.7909650050623973,12.761298149833182,0.08709549473880684,0.3976229595336527,0.013095355802077291,0.04082009194856401,1.6411831232650422,1.4526830309129133,70.52245420841741,1
683,397.4769151650041,377.6393814501588,0.4656702369584819,7.4972119175940835,0.0903152049648865,0.21466608490529945,0.006493836820123198,0.037983692916400524,1.661250984024373,1.561006884001135,89.69859640886521,0
684,530.1657795337085,378.24072955732214,0.8124101376578081,12.477147056764892,0.09677795665056811,0.4160360267014721,0.012572492056469915,0.0338659133328325,1.668167511802945,1.450082627160913,-158.74466377995023,1
685,130.03537153556917,378.6571403877397,1.0,21.031870464991485,0.13226476283801125,0.659065122333916,0.011945716825518517,0.02405924239542897,1.7322626337352307,1.5535493222210495,164.039521385706,2
686,316.638495110026,378.75398228230733,0.8573169506120589,22.916030890553184,0.14193555913301137,0.5444933412102506,0.01891647798053815,0.08158673566616911,2.453189596105708,1.4080705527476085,61.432175353443895,2
687,213.2738549694539,379.3995245155389,0.8929716143517507,15.039313128485105,0.11611954924056835,0.49174528876274126,0.013978063671214494,0.03800073829055509,1.6997118459712488,1.4808093849947113,75.3090723637108,1
688,79.82203753729142,380.3099987552987,0.8601629376875966,13.661335479806816,0.08064440866988637,0.4538486087215018,0.0128289968033316,0.03196689143832574,1.5707029990271864,1.491288349385737,143.7436190187179,1
689,265.8487291932596,381.32428065664567,0.8467783107895673,15.225379715825575,0.05807144023704533,0.44158107008396397,0.013105942359475655,0.03335044561740395,1.7470665281212863,1.4671108401155513,62.01388404048221,1
690,505.5980603942378,381.9143517279864,0.9003357585862553,14.5481440003733,0.09677795665056811,0.47146541099314165,0.013593383284807446,0.03470643845805876,1.6637551024025572,1.4197453143491336,51.83173333002915,1
691,28.908321803287595,381.99940690122673,0.9605638149203352,16.167798231492498,0.0935465808077273,0.5193638253496557,0.01139751868272396,0.024322106208207996,1.7330060055645846,1.4848603418244604,45.111356604050584,1
692,429.9260732040008,382.3353845085373,0.8926689443882548,13.957630479923473,0.14516693497585217,0.4868256581907382,0.011795851996647592,0.02983669509083315,1.6002036855476232,1.5238751444371952,160.36702096447678,1
693,453.6886801491216,382.36878130352875,0.8203075413287487,13.506486082919206,0.08064440866988637,0.4192512163747619,0.01578497717477384,0.044036046336364425,1.6889628212014602,1.408205742405566,-153.08482440752383,1
694,163.25223893542824,383.3308947277488,1.0,21.296516646835116,0.18387345138937494,0.6893712990650729,0.013212954481779799,0.02880501111257804,1.7341093150514322,1.5656624701111181,93.74490648778126,2
695,349.4549194479588,383.8523828652626,0.9679725774661921,20.14498028510767,0.1967756235272159,0.5922125937316854,0.020308542364262307,0.06767655217019002,2.4045404670235815,1.2889202059512914,57.511127836735746,2
696,246.228322882242,384.2221355379724,0.9630745038026435,14.432164438533864,0.14193555913301137,0.5216894087015611,0.012979494240237758,0.030021462030155016,1.7030019013286484,1.3996710667816783,74.34877164978889,1
697,112.0065869388976,385.2187455626277,0.9484067218075167,14.303539348125334,0.07741303282704556,0.4882682613682079,0.013793636105437362,0.029364740439288883,1.562730550417736,1.4195703707997833,-149.12898767461616,1
698,299.02844087657405,386.7189631371918,0.8683096471434272,13.858426074986586,0.07741303282704556,0.44221025481133946,0.011962639300890523,0.02844359464266896,1.583032836766099,1.4776194089761578,-137.26373720823204,1
699,61.83952088781269,386.9033833369812,0.9457368131433566,14.755348685284991,0.11611954924056835,0.5100957727744974,0.01123739404652867,0.025044539570558716,1.654342927467013,1.4560879668010918,-153.10530623147363,1
700,462.0511201939562,387.2046409824091,0.8795327478050656,14.031403840321037,0.12904505261193158,0.47812174353914094,0.01033896431052705,0.024448694167105385,1.5781575753391828,1.551133986318033,-147.63916454037343,1
701,538.0593184701738,387.99870872958167,0.7687373182366529,12.709596136347729,0.12258230092624997,0.41068082485031765,0.008639018215113124,0.024964762998655993,1.8197525255814841,1.457945456590367,99.09080113759889,1
702,487.21277448829915,388.0599949183863,0.8059227163875148,14.135752782249599,0.08386411889596604,0.4176009162109644,0.010120313868580281,0.0259979373922042,1.7821648995430392,1.5023926320536212,-135.3718355975854,1
703,195.95896609491322,388.14417688542636,0.9985947330351768,23.528359114346372,0.1806537411632953,0.6874415883736739,0.008339617906684907,0.0184875574280052,1.9245026386237336,1.5892223627390831,57.41231036269648,2
704,10.647858597906588,389.1393238474376,1.0,21.7350738433541,0.14516693497585217,0.6895308047229829,0.01123218968588279,0.022833725702572676,1.7090615034662955,1.5340205936045943,-152.33411121182266,2
705,279.1475144614465,389.22513202921795,0.9238651504414985,14.496675299223071,0.14193555913301137,0.502765504899016,0.011230774536182287,0.027160472922779344,1.7196614599812854,1.4433139147038871,81.69323571446147,1
706,383.1170495782208,389.7857095575322,0.9507584206408071,17.638225893002964,0.1387158489069317,0.5238264816319691,0.015150398823382608,0.03649769163466168,2.160488813956233,1.4526544783513837,52.045890308491536,2
707,145.1349407350323,390.66145937862655,0.8157770134277382,14.019014955320687,0.07097361237488627,0.4346273555275527,0.012916488769671663,0.033522564649107474,1.6715707005909095,1.4720278900928196,177.86679828540082,1
708,95.14730581919913,391.7611577240082,0.8899653220397351,15.864632183103524,0.11289983901448869,0.5106163041743799,0.010764475042438961,0.025610999561063687,1.7231951885227441,1.5274901465143798,-139.6246514810287,1
709,331.8853585875255,391.86968539365887,0.824699224666015,13.496651967989546,0.06774223653204545,0.42527820099863245,0.010855609582974372,0.02591411289160996,1.6224482149961599,1.4661224887660438,57.58090747460175,1
710,495.00302103732173,392.08722723486113,0.9196967703015728,14.599542707822962,0.12581367676909078,0.48375778660816804,0.010827114153034277,0.024942685987445742,1.710599834209638,1.5187319582806227,69.45680961493406,1
711,228.93743621157554,393.80886671445626,0.9978084801996835,24.30882387251814,0.16130048295653393,0.6834129767929349,0.011541500573652608,0.027393665764905414,2.045324666043088,1.5009924819018732,65.72520596456849,2
712,43.476106656498835,394.2369341843812,1.0,22.048004012972168,0.15161802104477265,0.6819798711456724,0.01115138962496283,0.025878108315488386,1.7147570873543805,1.5721976044732864,-165.71753404409992,2
713,312.63156735409757,394.31338192751787,0.8562180101447918,14.95499405053545,0.11935092508340917,0.4712597370503127,0.012457970971627139,0.034954349787333715,1.7102375937443528,1.550513420703659,-145.21349918421078,1
714,520.155723796831,394.5903367982934,0.8236083370321892,13.529385688621357,0.08386411889596604,0.41426897463857104,0.013719037929476352,0.03909024477846744,1.6086619061243452,1.5950485452946934,-177.92689171489806,1
715,416.57846802004576,395.1795567825053,0.9005085949127508,17.215615594596485,0.12581367676909078,0.4849417611700705,0.019292817872354814,0.05608577189194522,2.3169100035978336,1.4144069064224463,-136.2032277149567,2
716,178.2743243181304,395.6167039064623,0.83990186791819,13.325820676139148,0.08709549473880684,0.42836762303949394,0.014908428442963466,0.04304945046992768,1.622060904111689,1.5156539676421172,149.344457899182,1
717,365.018389080062,396.8641963700426,0.8866589112713334,13.05842140873988,0.07741303282704556,0.4417160349885322,0.012253212276003272,0.027273012918842054,1.5668780246297018,1.456087243869333,-142.11721438067906,1
718,127.33700944277311,397.03173666413045,0.7695554764943533,13.858216093884884,0.08709549473880684,0.4110434096677707,0.010743454988911213,0.031977281775893096,1.828510842588404,1.4925227919974933,91.93351449323089,1
719,528.0620754659795,397.4246431280737,0.9262773694730657,14.787009169174773,0.12258230092624997,0.49737584331053974,0.013331904848722901,0.033700888345688476,1.6053061111965612,1.542850884064408,-166.56755134656967,1
720,76.43853802716372,399.0389753456623,1.0,21.922470311005345,0.14838664520193182,0.6887395098294228,0.011033510709756332,0.023571240872792897,1.7111071170933414,1.5745169850515,146.35659326637287,2
721,262.13505831301194,399.11017966594903,0.9840387852786833,23.276755092041718,0.18710482723221578,0.6200718695141546,0.009982960759110187,0.04065873371978677,2.310479688537821,1.409385287266286,71.10914428924963,2
722,345.2225314648137,399.43154518353816,0.47558130027594947,8.209666130048296,0.06774223653204545,0.22075559048242915,0.006130250221864303,0.03202279553932338,1.758344713812437,1.521461974523296,69.92618949975689,0
723,477.58606146256363,399.5633959667828,0.8433918905379398,12.903828655421014,0.11611954924056835,0.4361192849539136,0.014619509213329853,0.04529220181201646,1.6871871377663679,1.375188606828573,-136.53116746810332,1
724,553.2148196824241,400.083336034455,0.7385390242474283,12.38699517043466,0.08709549473880684,0.39265179111388004,0.009699980136447477,0.028677231751766563,1.6186911684573742,1.4944696602723802,66.23849420429516,1
725,450.38611257546086,401.1511266052485,0.8896722794147963,15.386995170434663,0.1354844730640909,0.4789502687256526,0.018762879528694175,0.0537199713773976,2.2843823219292267,1.3614689919302405,-137.3814159761294,1
726,25.211156940368273,401.2850705024656,0.8473578030261738,13.912741186626537,0.07419332260096592,0.4523946436970787,0.014061734635639395,0.035042379558930165,1.5394550993071243,1.518753870772315,-135.99233721925972,1
727,211.40946245224504,401.430955072026,0.8566071124166528,14.025571031940459,0.08387578451272719,0.4483127977439608,0.01686461617216224,0.04997802638813425,1.6335875291956945,1.4567700958401988,64.81696452619764,1
728,159.61902575011095,401.99889315147885,0.8288018349180231,12.88446373159749,0.11611954924056835,0.43995342329676923,0.011355841831873633,0.03155108546488867,1.6053214888450789,1.4835939154498807,115.38254073895332,1
729,398.5945817226884,402.1713394236182,0.7972898705563239,13.32584400737267,0.07419332260096592,0.40405602572791055,0.014137633623940308,0.041182973491889936,1.729987350308114,1.4946333211608742,47.52028520504863,1
730,377.89108881555546,404.0885042966239,0.8942480630803146,14.263759594969788,0.14194722474977253,0.481193825499474,0.010375206170518072,0.02696202101633403,1.854329224353748,1.3935154983461193,60.677274775415825,1
731,109.3303862563721,404.2854857067416,1.0,20.957712139240805,0.16452019318261357,0.6914751905714134,0.010648773326831923,0.022204483164188948,1.633482401095331,1.5896885733091761,52.776316929538154,2
732,295.45029697784474,404.3417490226722,0.8850393243976081,21.115816243204776,0.1967756235272159,0.559381495257022,0.012142440483381027,0.06358702301562859,2.4794611155220063,1.3302477130981645,68.26857235791681,2
733,510.1169580250093,404.60992484117656,0.7985234353886933,11.98047175754182,0.10968012878840905,0.41390597021481723,0.012429767807357807,0.03718715840858769,1.6725962244561472,1.3948841573011803,55.61426460344593,1
734,58.20213867022792,406.23640265148754,0.9352467101895305,13.696507314341709,0.09677795665056811,0.4883167968470555,0.01397382221082296,0.03156320642357044,1.5409634232825395,1.4500644061926808,100.50364151666837,1
735,192.2152745702157,406.3222364395578,0.8522820328731516,14.174307645645225,0.0935465808077273,0.4531205669014927,0.012174034567959168,0.03219225162483997,1.6898764722492912,1.526027156242,-168.1532504934287,1
736,484.4212578710083,406.77494423231485,0.8928171450952158,14.425631693147615,0.10968012878840905,0.4714179675884526,0.016207262701865833,0.043816168922313416,1.7031289887945502,1.3916386803575134,-145.4328129254849,1
737,244.67873060533535,406.9331185200131,0.9104108607315755,13.393271272252164,0.09677795665056811,0.46228540760267967,0.012718334707883052,0.030117141042484308,1.5669302973128207,1.4531462513241566,-136.02458764776551,1
738,432.0507120376568,407.57610603950667,0.8167534991849213,12.335689787919087,0.0935465808077273,0.4085236581750529,0.01352714178936401,0.03887898533309747,1.6398391437202593,1.4291730776732934,-162.3345158778394,1
739,8.151586412946592,408.36372072249384,0.9215860730473232,15.297286577541355,0.10321737710272742,0.5009159847831512,0.013600882783358123,0.03353009457814933,1.6511554708386507,1.4740286845484698,-145.59982734040133,1
740,142.09851712589588,409.32819559614813,1.0,20.91570425328387,0.15161802104477262,0.680223424009643,0.011097811475708267,0.022232488413665322,1.7078114735553245,1.5473791298817494,-135.9126033875823,2
741,328.53837242212654,409.4649752337298,0.9335702299014617,22.967359604302278,0.18387345138937494,0.574085419155515,0.01384187027603865,0.06086873856742381,2.5445709385243105,1.4005076504876803,88.54696669231159,2
742,410.91639416330037,409.9438761804791,0.4706358715684702,6.3775343552413615,0.0935465808077273,0.2042276903329929,0.005301848480020524,0.025884509937169273,1.7228036698560667,1.4473977351050094,-149.12658084237626,0
743,225.2970394852545,411.04358309151553,0.9158698861887727,14.94251184060101,0.11611954924056835,0.502299373685656,0.011291547388728382,0.026217222956618394,1.6854281506932314,1.472536349481232,79.97858681883272,1
744,543.0395625730752,411.0520818126672,0.8109875936478788,12.212944168358181,0.0935465808077273,0.4123186414005263,0.010035409662712024,0.025358259447085342,1.686842663614985,1.4080675353624932,50.28939442299392,1
745,91.19236340745071,411.363748401433,0.8096908102390096,13.142320524486129,0.0903152049648865,0.4363219768515796,0.013249642419534162,0.037667127824139494,1.685374032479059,1.3694658052879407,97.0248302092018,1
746,517.1953495131891,411.89147665933956,0.49118704365614724,8.70919950537785,0.05162035416812487,0.22528864180410055,0.006679800533537392,0.02887371530067249,1.864971882882273,1.5291599679311614,-150.2124078081287,0
747,277.78472563151604,412.54492043842123,0.8149866684827184,13.542287860759197,0.0903152049648865,0.4218624656210018,0.013703300163519096,0.039882972786887634,1.594229895144683,1.502626870107227,63.04563679801858,1
748,41.096579524287094,413.10782991100723,0.95931539684034,15.961176827418864,0.10968012878840905,0.5276165034558765,0.011492170368967868,0.02485322260697687,1.6427303867629972,1.5749033607410823,49.73656650442896,1
749,465.75063730128517,413.26052531801656,0.8130029221807987,12.961293483586477,0.08064440866988637,0.4128482702867643,0.013459979196585104,0.03560797359950285,1.6314628521397945,1.467301924008769,-168.38828904319112,1
750,174.92019473657388,414.7875955642608,1.0,20.257413499451715,0.16775156902545438,0.6741034216693209,0.011408561135977558,0.02262093048508717,1.7924918314970342,1.4418502444044905,-139.32261734256434,2
751,442.3483231881929,414.97316307962905,0.4674518948479385,7.2843144117029475,0.07741303282704556,0.2062586341892954,0.005521169774913585,0.027771483026907403,1.724226285489479,1.5137960739773526,64.32971044452124,0
752,361.4929636077152,415.13228488660394,0.921327581442847,20.41289283964443,0.16128881733977277,0.5332810739948965,0.021115894934786363,0.0681663400890894,2.4957950940807003,1.5073880544020501,60.43535032377766,2
753,258.4178181405626,415.40823862189393,0.9011216294403224,14.816301532862042,0.10644875294556824,0.4771529990343758,0.014295636243363408,0.03973619318388117,1.70087550258027,1.4596620213553801,73.56417780677498,1
754,124.11904077747158,416.6659233832681,0.884949931516892,13.948671286250905,0.06451086068920464,0.4580599094674394,0.014244327750101817,0.03376335499157935,1.529541466537188,1.4655697999742732,126.4436209353733,1
755,550.2857955091819,417.7020930529454,0.5079878418870882,8.23207577984648,0.09677795665056811,0.25215375098671866,0.006853682940294962,0.031660693667373084,1.6719090283259919,1.484677909441519,-157.06117342807244,0
756,74.24070982504087,418.29767929936224,0.7158964843919702,13.148923263572946,0.11611954924056835,0.4072575864542242,0.00809141432932644,0.027535197464685145,1.882960865368159,1.445472844790168,50.57553589781344,1
757,500.01143174835727,418.30713074102044,0.807520163689468,12.587503791325446,0.07741303282704556,0.40062234294725835,0.012329484051708268,0.03275484717465241,1.582636161354531,1.4730994882054511,-163.96967028014095,1
758,310.62163502381514,418.63865387725644,0.8111811666416395,14.180863722264997,0.06451086068920464,0.41644857437606225,0.013951191232537572,0.04052346116345087,1.6487773278978028,1.5429257634637885,-135.20402433747134,1
759,475.16193216715294,418.9728555618097,0.8740619054825114,13.748302652761254,0.14838664520193182,0.4776351830410527,0.010214014509735199,0.025945582867954856,1.8214760558051066,1.384086861243056,63.022520428643595,1
760,207.94530412283422,419.85678951500853,1.0,23.12850843424092,0.1580691071136931,0.6964170127387611,0.009341580506834552,0.01961748438929897,1.9069217567603554,1.491992930213737,66.77254401753395,2
761,22.46210742658982,420.18673108995506,1.0,22.05118872634796,0.13871584890693173,0.6837924117788976,0.01190894129693741,0.026516697655140895,1.7122073144939036,1.5383918745470524,-151.43323902459463,2
762,291.22360656474257,420.41107708636605,0.825256153731931,14.650778096637971,0.12904505261193158,0.4686560510666381,0.009723914114142787,0.02746699016655301,1.75854641484841,1.5210985500209941,60.08333210231105,1
763,395.11061472607594,420.68759830748706,0.9588264006669373,19.073586710529387,0.13226476283801125,0.5507676688076305,0.01333256939970111,0.03348121672758777,2.088069685242027,1.4647754467942125,65.06761824498452,2
764,156.9625659443383,422.0074699830429,0.8986889537837094,14.62903338699517,0.07419332260096592,0.4600400129225812,0.011568631860274575,0.025673236022146294,1.6437842017818611,1.5382256121766833,119.76354779332189,1
765,343.6736632703779,422.6489818848789,0.7815282319580568,13.555143370429994,0.07741303282704556,0.4085041807117846,0.01340337105203224,0.03935726900778369,1.654896151443354,1.4914989072135862,114.81469785578953,1
766,106.58630848433067,422.73086159647045,0.4988874463835675,9.09087515456942,0.10321737710272742,0.27270364303292727,0.006630865074561336,0.03342654982232588,1.7778176970879807,1.5232041312213973,110.73956767267121,0
767,532.6785065775582,423.39498220194287,0.7946323795246,12.25200065327454,0.07741303282704556,0.40961928005480625,0.015398591863969009,0.04525439444376446,1.537335211741279,1.4498190361962924,47.13109384834597,1
768,508.667832406031,424.16292694168703,0.8978428642362881,13.923053591843402,0.11611954924056835,0.47891177220758435,0.013347584327670277,0.03374854322096845,1.6580729125860842,1.4760503296014076,53.18957630929344,1
769,324.96787536001364,424.30880062282887,0.7442115638204874,12.263736263736263,0.14194722474977253,0.4106479548300479,0.008048831840959876,0.02477665940906222,1.7031451541334968,1.5446939847453938,117.22341471026381,1
770,241.09302069000054,424.6779764443985,0.9902980030156503,22.967709572805113,0.18064207554653416,0.6661470551519789,0.01030485497522928,0.03188595568073681,2.0566048780061448,1.44243306535154,81.52227213981982,2
771,55.31276290355477,425.4166732725484,1.0,21.921793705233192,0.15484939688761346,0.6734630092899935,0.0134888629331827,0.03129136172859275,1.758726035614117,1.582972531591897,165.2443859291139,2
772,457.33773257762937,425.49074372479555,0.8256767215123992,12.741886563542614,0.12258230092624997,0.42173629291495407,0.01377110100975276,0.04516017179821994,1.744219411387803,1.4064574084933332,-135.1786421221563,1
773,428.65711950035745,426.51365488538875,0.9112411246156956,17.50241478266956,0.12904505261193158,0.5136415989221269,0.011466586364843503,0.03330541048508549,2.033676404344545,1.445961371834513,51.41751672348019,2
774,4.119666806393087,427.19294497640124,0.8190376880868733,13.322950934415902,0.07741303282704556,0.4201211918799188,0.011020535960084898,0.027426680419369562,1.6001643468530193,1.4987424070027737,84.60492420761837,1
775,190.07197640083743,427.2293197199555,0.9017145296192246,13.826135647791697,0.0903152049648865,0.46842618860684015,0.012536329558328679,0.029272233442600024,1.675508972235308,1.3912860061297339,-150.96342908818417,1
776,139.6329012922529,427.4435608635556,0.5206472250978667,8.097337906255103,0.10321737710272742,0.258365522187578,0.007124050156714064,0.03798049162814767,1.7212065969486419,1.4398999865727706,108.65888591390083,0
777,273.38717814538813,427.5781864401953,0.8158745356004962,19.741256620237515,0.16775156902545438,0.48508615284753365,0.013672632714225363,0.052681342752993805,2.647305431033128,1.4156642873602931,67.02159046169385,2
778,377.09132696745723,427.80777605209687,0.8284188016501696,13.03194045869205,0.08387578451272719,0.42310816256312267,0.011732856062925616,0.02872664947841159,1.6990440748034565,1.4458755192390313,-146.84468484609025,1
779,541.0735708236999,429.26355503904034,0.5249533745304725,10.058048109003524,0.06774223653204545,0.2719134568241251,0.00615677081690871,0.02506317602383018,1.728133592594444,1.6332813736895855,72.50436145994156,0
780,357.65538548707667,429.86686068564154,0.5283585113579872,9.865075476540445,0.11611954924056835,0.2694505764108146,0.007586578512338081,0.04421345177548114,2.1847653871020283,1.387880752508077,60.99975802362896,0
781,88.51594396667932,430.28914513493714,1.0,21.770490655840973,0.1580691071136931,0.6719365419271065,0.014033693071517117,0.03821492369643126,1.9265137196056132,1.4200362154963717,153.37077784642818,2
782,462.32875705154026,432.15927395728255,0.9528904879642116,15.177014068733815,0.14516693497585217,0.515173058706087,0.015688799075451235,0.03801072934172051,1.8845639543662591,1.4105901321258252,52.540788938364564,1
783,37.117450019590144,432.61657888725847,0.9077729246528722,13.45131938125569,0.09677795665056811,0.4693146190119367,0.015104142873129044,0.03814978821470871,1.635634236993718,1.4409082104540023,113.30436953300556,1
784,223.13291779777862,432.75995144996057,0.8394269773439191,12.25202398450806,0.10321737710272742,0.4371165713168756,0.012385384911540242,0.030678265925336658,1.5183888860731671,1.4495797566637456,69.77293889526155,1
785,410.42480407301997,433.02837992989805,0.859204615076674,12.816126548610626,0.08709549473880684,0.43102704296420014,0.013540702644251064,0.036184343204078345,1.5430939562951707,1.4391474895573677,50.08044045022001,1
786,172.21690233334448,433.0498554570241,0.7543679421952861,12.180863722264995,0.11289983901448869,0.40736479590102304,0.010642325415354374,0.03023400597167045,1.6044087645666238,1.544063855728107,107.67494981113236,1
787,307.2900089828356,433.90382597475724,0.6486102558590003,17.196448986257906,0.18387345138937494,0.45629115317113716,0.007969036585898186,0.08432151518386248,2.3562586568824475,1.4009188089730433,74.9989045279396,2
788,391.0781098781426,434.98455613617205,0.8388785069438283,13.92244697977182,0.1354844730640909,0.4675411591460902,0.009857273107425277,0.02501091048922665,1.7601089733961428,1.4811726347922858,59.04956197495084,1
789,121.31548004070653,435.1465417932625,1.0,23.057651478033645,0.15161802104477262,0.6781296844481186,0.015694524684256268,0.033844806879576375,1.9578869871285705,1.5366156531434778,136.98179607760784,2
790,495.9931636964703,436.9655770594052,0.9962666333469608,16.49084249084249,0.11611954924056835,0.534564694539101,0.014180140439398256,0.028684258155524535,1.984163653014606,1.404513093750236,-137.43019162858442,2
791,423.73606229482004,437.5051753809112,0.5043729247567582,8.81999953337533,0.11611954924056835,0.252845333026007,0.005516178780067058,0.03160388600785235,1.7730218880623723,1.6050893723508268,129.574846774395,0
792,204.84419307270315,437.8902232409925,0.6830625641667645,10.483143183780125,0.12904505261193158,0.3677388245826488,0.008162778205371073,0.026344048684517497,1.6698168344204174,1.4905525013159633,83.30595481707469,0
793,69.88607770447825,438.0232135244163,0.851089531475165,12.964478196962272,0.08064440866988637,0.4368267044183608,0.011183753695867311,0.026092107994117923,1.6540957587267562,1.418952429956848,87.48314846517953,1
794,256.37685448984416,438.09984861672,0.8316822024585675,12.496465318121368,0.08387578451272719,0.4167338747534375,0.01436064239465492,0.03792753026965696,1.5346693945964738,1.4070999931079107,87.34280634565853,1
795,444.0560747945124,438.794937223745,0.8312703755807825,12.355311355311356,0.0903152049648865,0.41710816552255225,0.011453608079877251,0.028049263030537373,1.5683820316301689,1.414837378663699,68.23154841747139,1
796,20.344341685444935,438.92428588612296,0.8978735799919078,15.225753015561931,0.08064440866988637,0.48220841811896215,0.01327248080718825,0.032426004811502956,1.6132870902400667,1.5556195298144484,-176.0048656915411,1
797,154.05069510961647,440.31699907166154,1.0,21.74839597769534,0.16128881733977277,0.680305435745922,0.012383561999160748,0.026351645177507238,1.8299439556975101,1.5220244323080963,89.05748944706193,2
798,340.5220591669532,440.8107508362599,0.9113894530363706,18.67023634539558,0.16130048295653393,0.527396896915439,0.012492813058177446,0.03730615483467833,2.119120738528076,1.5702944271041188,73.15359972657552,2
799,529.034870762579,441.86935011354086,0.9767066319654636,18.354891393107955,0.10644875294556824,0.5524041232802585,0.012238220354730931,0.025941090951938986,1.983919277923829,1.4947750447130483,45.648216212683344,2
800,237.68309215083914,441.9993979299569,0.968616842930192,15.425585030680573,0.09677795665056811,0.5123744973663744,0.013758276736720544,0.030549332947580544,1.5800477583451948,1.5456556478492989,50.209422422721815,1
801,102.99279391795567,442.928387743024,0.887064471491213,13.883390494855462,0.07097361237488627,0.4504809594716547,0.012303705274989044,0.0273965955961038,1.6672213677039627,1.472696342386069,138.9352214465245,1
802,289.8431613588778,443.3918130294879,0.7902172577253035,12.644921957023868,0.09032687058164765,0.3987345683300807,0.013106874261394608,0.038415041081902086,1.6716727461082563,1.528583874954482,178.73935525363825,1
803,53.07219854890202,443.9482942826403,0.9726177173731115,16.23872518140034,0.08064440866988637,0.5177284082003435,0.012204526767198928,0.025460417262810977,1.6875224453096245,1.519288597329889,135.96254915955535,1
804,477.81205004897856,444.10773867973757,0.8839461899221662,13.755185366650334,0.0903152049648865,0.4562717255218927,0.012572437472580921,0.029096937947243332,1.6027888534021615,1.4430516953034604,-148.2173820763267,1
805,455.1909129024213,444.739149717476,0.8953913787376493,13.883063857586151,0.12904505261193158,0.4784113948217015,0.012507622303132841,0.031403864698531146,1.6255516175236573,1.4605783812043285,126.61495175601102,1
806,187.01603545138778,445.7377485762944,1.0,21.670143020461495,0.15484939688761346,0.6884011108371405,0.009569398266279608,0.018973387308176614,1.7440265486802171,1.5533270946625977,127.52115624087767,2
807,270.9038633609997,446.13424532018,0.9061171394236369,14.509274165325118,0.13871584890693173,0.4902495519257917,0.01012327949305722,0.024848503119362358,1.7733352088502186,1.444850622122832,71.06633917890218,1
808,373.886211110734,446.4592722505535,0.9719376750475129,20.735470474323975,0.16128881733977277,0.5542586603199694,0.01312348401909014,0.03692070613515086,2.493090483359475,1.4761624296710425,68.08872404346134,2
809,86.31114493443842,448.08534092087496,0.8435211480807271,14.516670166351696,0.10321737710272742,0.46415898946661593,0.011722721372123289,0.03033857151091463,1.7186461715549903,1.5054337995332314,120.4513678138528,1
810,135.97805023920878,448.0865731533351,0.7809365558969964,12.889969902708756,0.09677795665056811,0.42790316897456104,0.008803483783211587,0.022023020751168944,1.6615477153012899,1.4630900821735906,104.57466307463002,1
811,322.65089039596637,448.1467154210828,0.8005419557270212,12.644910291407106,0.09032687058164765,0.40407094348634154,0.010846415133539306,0.029997514012033384,1.6042738202196278,1.5216051263262156,93.52501251307243,1
812,511.08221926939,448.94072216551814,0.8384176143380766,13.535078509600803,0.07097361237488627,0.4282528220171037,0.010611407662564127,0.02523959809694296,1.6844978058338491,1.4141634628070838,-157.4237754809742,1
813,488.56233203489444,450.4926127535976,0.9100964031599892,14.94184690044563,0.12903338699517042,0.4924631073444833,0.014214124379554162,0.04217638812026642,1.6678413483915115,1.5171027461515405,-146.8381706369115,1
814,437.03951427119057,450.7623926552445,0.9146574607368875,14.735260493222276,0.12258230092624997,0.46361224033350934,0.014980993007430934,0.03801350457420077,2.0234806225921123,1.4681684993992097,57.53556068994146,1
815,304.2517790889185,450.8943937126349,0.7897006311954091,14.774340309372159,0.11289983901448869,0.44555916621424274,0.00993214642918924,0.027898359265747644,1.8508227813837332,1.518307937333409,80.80451671140663,1
816,219.98496514768976,451.10359294856977,1.0,23.55488672686125,0.1741909894776137,0.7136440153140797,0.007823662370736983,0.01563241682768774,1.8702362785244426,1.5704553211602164,69.3667831739896,2
817,34.309947946522435,451.1356133247892,1.0,21.386575208231257,0.12581367676909078,0.6748830094460786,0.012251647686498475,0.024035915933790643,1.7213889490607512,1.5069779597709698,115.97059945246247,2
818,407.378526205513,451.86402829724733,0.8925667504981536,17.447924686778187,0.13871584890693173,0.5061492018839283,0.01421334024145957,0.04005932334046265,1.9810723819149405,1.519083097076521,79.63000471629738,2
819,119.22339038819838,452.3296625684993,0.5900626059692162,11.102797414899326,0.13226476283801125,0.338432316926608,0.005998270373402823,0.029180232934482166,2.0364221030974305,1.401362873773478,110.11812540186546,1
820,356.0074042041289,453.2768884244977,0.8335917443992064,13.328900398964093,0.09677795665056811,0.42947056431621833,0.011110754110863728,0.028415420368894374,1.7414451062711616,1.429260920166333,48.681748715101605,1
821,168.9537957719195,453.5675561989992,0.8762697973521016,14.764529525676021,0.08064440866988637,0.465518349103914,0.012374759847991475,0.03143977880162059,1.6135268453439577,1.5101015001198606,121.83163248374846,1
822,544.5468888518088,454.54333183721224,0.697196305589086,12.064977485359648,0.07741303282704556,0.3481840066037415,0.012673957771959456,0.0489339617787401,1.856589503596705,1.4375097535927923,48.74979616625332,1
823,337.0362332973592,455.2830258338522,0.6899340850535862,12.99918340682672,0.12904505261193158,0.38302266093737003,0.006328879589186443,0.023373758422623535,1.976646413129841,1.4825038933492203,96.67058355269566,1
824,253.15401102345064,455.88344099885677,0.9997683883204935,24.66449686194909,0.16128881733977277,0.6824959580258152,0.007588400828714629,0.01910939277471006,2.0662631187551312,1.4949364668265492,84.027608532183,2
825,520.7217652664989,456.09310705282235,0.8769946691971143,13.270199015421944,0.12904505261193158,0.47415584850277137,0.011703687543532676,0.029048408590407814,1.6075211465084802,1.4506915484201783,78.33536851055896,1
826,67.51516963665162,456.410498256769,1.0,23.793448589626934,0.14838664520193182,0.6946443547964425,0.0110287969325447,0.029113134187816445,1.8558548674283386,1.5198909714424804,122.0463075753432,2
827,151.99211143728533,457.5121774064835,0.5584074971405985,9.418958960360234,0.13871584890693173,0.2987846781449305,0.006249938591041322,0.03736663841070941,2.1136696566452606,1.380088834727961,109.46793485474129,0
828,440.99120885246583,457.72738438145007,0.9922486290297734,17.019878210961014,0.11611954924056835,0.5438184477895287,0.012406390243808152,0.026140803888095424,1.817263632802976,1.4211764104479394,46.273095442312226,2
829,201.92270501824177,458.6029395785506,0.8458105763128247,13.116119549240569,0.08709549473880684,0.4438912893069696,0.012807884467661899,0.03331229029649385,1.580459593041942,1.4198401518340924,-143.9231718281184,1
830,16.109587347850738,458.632398034072,0.8424722175036357,12.735097174587619,0.07097361237488627,0.42449644142341203,0.013965952234054406,0.036727497962243186,1.6347621210607306,1.3882082954409383,108.91301636510883,1
831,389.4641522411034,458.9729756361279,0.8706017206396672,13.277735003849653,0.07741303282704556,0.4279267850076175,0.014521637635793245,0.039364856902038316,1.5556482744035274,1.4498112409900332,-140.4403316285136,1
832,552.8500677585339,460.33614137317187,0.796750905214433,11.74778936562376,0.15484939688761346,0.42369739245848326,0.009837310336222213,0.030269104002859315,1.5824258297506513,1.4106436763162558,164.31396311340367,1
833,369.99575889104693,460.6747618314118,0.7993516057495096,12.922213667436598,0.14516693497585217,0.4188113654458052,0.011389250879280444,0.037247918792267166,1.8657558505475214,1.5102682928596085,96.81808686793407,1
834,286.3987039337079,460.8048308220065,0.8646310930210352,23.502543104453935,0.17420265509437483,0.6199023358407819,0.009752286354148484,0.0401439391847591,2.1583762167533487,1.4573625289075243,84.07150624654096,2
835,100.2946542127613,461.1100338464788,1.0,22.58998856769557,0.1774223653204545,0.6742837030735372,0.013996888705725173,0.03488895758760036,2.057917208384395,1.3890855477049557,128.69033494117915,2
836,474.736569750929,463.01439443737996,0.9687728678454238,17.63213644105364,0.12258230092624997,0.5245069971415357,0.01344885051929344,0.03104756734347727,2.1362322670644796,1.4109837918872499,52.79047601999884,2
837,184.58037167114202,463.1169247904684,0.4883153142384007,7.14180723734864,0.09677795665056811,0.22853183761963147,0.006692969995945859,0.03537417975203912,1.7179413271491175,1.4740069908057278,124.81012828309942,0
838,235.19462476871183,463.84606411274325,0.8387023313640418,12.052145306922377,0.10321737710272742,0.43214686231689464,0.01206725984848563,0.02996990659721474,1.5808963743291948,1.412628490061555,135.02502251096385,1
839,49.16913273874147,463.9934540245454,0.9235770888898347,14.103497351904995,0.07741303282704556,0.4746885858706621,0.01264387461467202,0.027658628541617603,1.6221653966049725,1.4217750713375692,130.79851008972247,1
840,422.8344100175239,464.1482913801514,0.8666377088073625,13.251254053801823,0.08387578451272719,0.43780829951224676,0.012100015341770938,0.02854639253609949,1.6242153365825578,1.413976249545167,49.247988389406174,1
841,403.2011790958323,465.45548805205897,0.8192613928276058,14.077926319964535,0.10966846317164788,0.4395030616425406,0.011297432241037048,0.033371234844051224,1.725448924225466,1.552467246173338,99.47955645810781,1
842,132.91664378468678,466.48317193123614,0.9805442775723492,21.40580014465365,0.19355591330113622,0.6127383268103231,0.018383266116669347,0.05780709627512101,2.3766607104638946,1.3843115102413592,124.30980980408108,2
843,319.589727341851,466.6258015278509,0.9615570705397547,20.16121882363921,0.14838664520193182,0.5660315948996306,0.01336301397582516,0.037606334692665784,2.0963908975264918,1.5292190257978497,72.5589580440458,2
844,507.5701094760492,468.08016764154934,0.9785929484832685,19.309745456242272,0.10644875294556823,0.5408278027497881,0.01668762637910679,0.041934886218748316,2.1592130327909747,1.5321375125412175,46.660301621907706,2
845,217.48562866411555,468.38259655818825,0.4920160609909293,8.76451786005926,0.061291150463124985,0.23214136080469594,0.006950326264036475,0.038384920726522075,1.7579524666138766,1.5186065510209967,48.82320242904401,0
846,268.5647017128626,469.0790475192953,0.8480694984283577,13.635472807447332,0.08709549473880684,0.43940160734688044,0.013777583500834387,0.0370520783763543,1.5558260917379667,1.5358640173767284,76.39694651890106,1
847,81.8864099532387,469.2405736935844,0.8136439087866019,12.935885770280674,0.0903152049648865,0.42747010754170617,0.012264686194745411,0.03191966868892041,1.5964647702931993,1.49682577629347,105.03580637118164,1
848,32.0577966424978,469.3202734589265,0.8955613930319474,14.526130981544995,0.11935092508340917,0.4973853265467315,0.011416281041511878,0.028038576598162175,1.6313921854182913,1.5267873538226666,54.83865161209859,1
849,456.6174112602942,469.8732953425427,0.8455304470718761,13.599752688924665,0.08387578451272719,0.428729078526054,0.01287162374493123,0.03416811937407608,1.7223129467069453,1.4545335778931865,-141.8056482438398,1
850,434.36454434338935,470.28127834195067,0.7697654239766978,12.270595646391826,0.15161802104477265,0.42571286883099235,0.009938796879331298,0.03254408314037621,1.7141671253030766,1.4624665019784655,-170.5275564080033,1
851,352.7035726607058,471.2754048745541,0.8404218816626422,20.432444413336132,0.21289750589113648,0.5253601559299286,0.012551862974939373,0.07663134803365766,2.519493536142758,1.4976330353171026,86.98002937842556,2
852,166.0443605042453,471.33834342980964,0.982317169665753,22.999673362730682,0.1774223653204545,0.6061759748643325,0.017594640366524996,0.06483690525912285,2.4565761894781444,1.4113664765832385,120.10884470274588,2
853,249.87888546179934,472.99806887246154,0.8444195958514399,14.238585193999208,0.1354844730640909,0.47555423820212805,0.008966116208160674,0.02227483709686374,1.743061167245199,1.4899263739711879,-155.57519270314296,1
854,540.9766268725208,473.1773235814339,0.9308230822389737,17.535195165768414,0.09677795665056811,0.5021776223372346,0.01546753862902102,0.03578116357398738,2.1739163293100736,1.4700542634854723,-135.0666748378984,2
855,301.6704009797795,474.1062178652264,0.8863171507462791,14.267749235902102,0.08709549473880684,0.46739347327853276,0.012764913261446409,0.030554074355343443,1.6121034359163149,1.44545538932763,121.88072568453215,1
856,65.34775303142824,474.2682614986263,0.9500102153496236,15.290357201185227,0.09999766687664777,0.509281316433817,0.01706266212659951,0.04153235019482441,1.6903610473306714,1.4619625489539683,132.38475347182188,1
857,114.51191236372742,474.3790068085773,0.802164287594465,12.458435407479993,0.0903152049648865,0.40911937454448355,0.014691337878833456,0.04732832994744502,1.5633943357312203,1.4060252737721222,139.81445653239663,1
858,489.70703888480506,475.8944829056092,0.7912225073369568,13.064907491659085,0.07741303282704556,0.41733843561398276,0.010910711001468452,0.02889755341525618,1.6664665598867077,1.4458005564412584,45.2215079510969,1
859,467.9416232393867,476.1070541853126,0.943687634339463,14.780873054758406,0.11289983901448869,0.5035875895527291,0.01222995643044766,0.026296473674502906,1.6108460456540898,1.5185907336232798,178.45172779465798,1
860,199.05748501489563,476.46041291316925,0.9642400989861923,21.774246984438065,0.1741909894776137,0.624221456476149,0.011013161779010254,0.039246715109649125,2.222449898963516,1.389061871747506,105.17449048909522,2
861,283.5067249219124,477.317116677241,0.8653544094488165,15.941975222229999,0.09999766687664777,0.47623020197580646,0.011817657801687736,0.03498720787007198,1.7160572648868404,1.5387131752086396,66.15752529625787,1
862,13.627305092600366,477.4452517775924,1.0,22.63215977228716,0.14838664520193182,0.6890056339101338,0.010678179210295853,0.02562255018215389,1.7630698874122137,1.5467621760570167,135.30400796240028,2
863,385.94652464028917,477.4597118239012,0.86534174955543,19.283101187559787,0.17420265509437483,0.5086191037696075,0.010965077209847792,0.03923815846163158,2.4822805114303175,1.4937226450971257,94.73515210007504,2
864,98.46463141538206,477.9573628507781,0.7644611412652198,11.961200158652389,0.1354844730640909,0.4039733846436352,0.011053851921001674,0.03795942484089097,1.8492424752315395,1.3550247925825463,117.98328257459028,1
865,147.61751961740006,479.33676678470346,0.793554751203268,12.593849886843518,0.07741303282704556,0.40343153476276333,0.014298694174855844,0.04261447386371211,1.6292295315916034,1.3947936505044458,94.68047531639533,1
866,334.5959582030177,479.35789583392557,0.7718843322079296,12.132369753388861,0.0935465808077273,0.39432916682979646,0.013177455779216708,0.04159532549682919,1.573061477389382,1.449537616818527,101.68540505823742,1
867,522.9916271885759,480.2461721744553,0.8233934588688097,13.231889129978303,0.08387578451272719,0.42772017983992205,0.012355774584160178,0.03111572580675218,1.6250224780310436,1.4522081142926455,-145.59501126384234,1
868,500.45936328149145,481.5658637099497,0.4804749621307237,8.147966682998529,0.05807144023704533,0.217993456974723,0.009358486697876535,0.05190682328765436,1.751969687138608,1.533296867329999,-147.54430881421075,0
869,231.94096141872618,481.9868273363351,0.999929744138271,22.631926459951934,0.1774223653204545,0.6951823441993796,0.009901741529629334,0.020603355978544652,1.8978515424858284,1.5475494852369447,82.67068606913345,2
870,316.85855576767904,482.0964939061263,0.9056906893252613,14.14122395651058,0.14194722474977253,0.48498665443228534,0.010442593976195314,0.02624749257987751,1.8236990735158904,1.3948640358541977,78.9829733833692,1
871,46.41410098736526,482.4792737614964,0.9961566873750318,23.361284151093066,0.1741909894776137,0.7010858790187159,0.011398862115614125,0.03186915070490538,1.9410079748537277,1.4521167342067922,117.8682500225734,2
872,131.4541838464399,482.4873695760639,0.5267270804861998,11.851193392594666,0.14516693497585217,0.30802328026385983,0.007137377738066049,0.06016485261732036,2.4844450468604857,1.3252996208154197,110.58785575665033,1
873,419.4637634920967,483.03133145602254,0.8833862415942049,19.031823802524443,0.15161802104477265,0.5029446569879442,0.016000053572872677,0.05310857294277502,2.535355225764833,1.4185902798280836,56.897913926741595,2
874,180.71807644719053,484.664360002807,0.8516439417530375,13.328597092928304,0.07097361237488627,0.43032972464916996,0.016167917804897413,0.041968895365775166,1.6094057749282913,1.4598006817657583,132.67459470848334,1
875,367.6586321504503,484.7650995743644,0.8018411278572578,13.051282051282051,0.08387578451272719,0.4145343542381811,0.011960442674812562,0.03294060907690903,1.63984474640783,1.4555632032848513,108.6578566885228,1
876,350.1833282932131,486.5468285863968,0.7887248255766606,13.657917454095797,0.12258230092624997,0.4241759506555117,0.009932233268473933,0.032798175106273336,1.8090278863912175,1.5120463815200453,130.3768828608371,1
877,532.5653084265531,486.7741970713013,0.5983116179947767,10.916077553020227,0.06774223653204545,0.3047139260709986,0.008452209745417319,0.03445089971994733,1.7643818469403385,1.478460336451065,-162.8719369350714,1
878,265.38893702787794,486.8679888157352,0.9984378868508326,25.073796691631088,0.18387345138937494,0.6870713933897006,0.010111063891421364,0.02953620822075834,2.080786540977507,1.492972807427379,96.58347872989131,2
879,79.50421664754178,487.5075697840303,0.9562197143557707,22.348451972655795,0.19999533375329553,0.6359551016870337,0.013524939708729547,0.06058848807677318,2.199573191310934,1.3973989484891218,116.1435298628513,2
880,164.506628153669,487.76039063131986,0.5917160726071438,11.450876087818763,0.13549613868085206,0.3257968119756075,0.008438527264627637,0.04384993785302151,2.1908423512147293,1.3971651294801408,115.53579158248006,1
881,484.14990018536554,488.1430017809088,0.797033399114685,14.212454212454212,0.12581367676909078,0.4247821503422658,0.01278460754394023,0.038459941242844076,2.2062379127098226,1.448282393450189,58.39157566904223,1
882,453.5364821493909,488.78809654091566,0.8837208638776806,17.444973285737618,0.12258230092624997,0.49991290080447537,0.011685267140208453,0.03298918317269237,2.029916682523369,1.460315840764367,56.13772781040721,2
883,213.93380721261912,489.8719663601399,0.9015090824242371,14.457572151839667,0.07097361237488627,0.46993885066820823,0.011187113721672979,0.0242409838672058,1.6049055338368692,1.4610523137121576,63.8912660429619,1
884,401.37976165597104,489.9774889861221,0.8076035799283848,13.432642728821072,0.08386411889596604,0.4223291142009902,0.011831117647389925,0.03198643458073341,1.588433572273017,1.5426596692223837,86.83837728439485,1
885,28.083800659089967,490.25445373001804,0.8030150002837451,13.209852779916474,0.0935465808077273,0.4256416380975855,0.011457694350733261,0.032068437908974415,1.8117773650941258,1.4017379719467713,100.0872951509937,1
886,112.94409430990268,490.68637534260836,0.8098351462645834,20.93475420545484,0.18710482723221578,0.5111822262265882,0.018703319169330344,0.11772257361556769,2.7555294398742056,1.303977866772479,120.75530249157895,2
887,383.1236828812949,491.56447351262153,0.5298708750003788,9.086745526235973,0.13226476283801125,0.27812979143545324,0.005921597379071344,0.03120231780426796,2.0029703478911745,1.4255874763386267,147.2736819922911,0
888,298.47827782362805,491.66159278443223,0.9811490158907978,22.777035066843986,0.19032453745829542,0.6256804374056615,0.011771175220810677,0.05537504955491302,2.2497035793079485,1.350871162461439,99.69390666130239,2
889,197.42925266118954,493.9378823746519,0.4594460256163575,8.503394694477496,0.09999766687664777,0.22516737434382134,0.005382832475762487,0.03175375162052154,2.045797466626173,1.5825614475846983,118.96788714370398,0
890,332.01964461412877,494.58091025040477,0.9003362564880393,20.722568302186133,0.1870931616154546,0.5285435872966842,0.01621937128594497,0.0664749634151679,2.6540883574782965,1.3645423872677624,104.68732645907768,2
891,246.95613698221666,495.0487066078414,0.9514365946141164,14.361284151093068,0.08709549473880684,0.489093741199103,0.012634179761225809,0.026160112150146814,1.5777961016597792,1.4576711529436144,105.21299965573156,1
892,435.0220475280475,495.3989004767375,0.809497173618059,14.025454375772846,0.07097361237488627,0.41725670684327565,0.012716599347701807,0.034493191136537746,1.666822403146452,1.513719850353946,-153.36368650392222,1
893,60.87849299694365,495.5793753107448,0.8424803685404392,14.226149646531812,0.06451086068920464,0.43596176844090895,0.013226127932233862,0.035103507110989855,1.6625345880610962,1.4636930105482997,146.10752910336225,1
894,11.030371945419173,495.6990825224746,0.8589484078793101,14.258300086325566,0.1258020111523296,0.49082880253612104,0.00997887513356872,0.025818345044120682,1.6367977828123534,1.554627016343437,98.35856945422617,1
895,145.8004647328507,495.87474942002984,0.7632580879747263,17.658267422598634,0.23225076409789785,0.5090574028991717,0.017018309909991307,0.17227692264546757,2.573202830679938,1.2373277270762337,122.0907676499402,2
896,415.652892966566,497.3083164952683,0.44566041780652876,6.968199528709082,0.0903152049648865,0.20618277875577848,0.006659464719243359,0.03904066770809123,1.6976317779479018,1.5696967799185317,100.69052896299995,0
897,547.842581894573,498.3457466597768,0.7630425522211852,12.232355754648747,0.10644875294556824,0.38485644272582153,0.010929011384219676,0.03283809652976714,1.7189208651705288,1.4531407543172492,47.750037705568026,1
898,519.317670309449,499.15059643230956,0.9209832493714499,16.903082055948296,0.12903338699517042,0.5098174642816028,0.017196909415024202,0.04480246178708934,2.34632693680701,1.3767686793806289,48.93049827995548,2
899,230.5689877158375,499.53244660461826,0.4041346217323781,7.38687851426705,0.08387578451272719,0.19312716109996803,0.005616271537077083,0.042172947496259,1.821562734489976,1.5922037859822704,56.01608954068299,0
900,44.61518481703809,500.0321109473082,0.9276008717015403,15.129231702480109,0.11935092508340917,0.5094625337697124,0.012485017147389258,0.03031396170417832,1.7229466029210383,1.4401430075256267,98.83194289642172,1
901,469.27060278447493,500.22667338945405,0.8521546078541511,13.264482863208979,0.08064440866988637,0.4408952094787002,0.013984652565955186,0.034622762612539104,1.5093617728812532,1.4590251290659801,59.107513526294134,1
902,280.1965934493516,500.23106513232386,0.8628269234845249,13.313011828935396,0.09999766687664777,0.44157588087929933,0.013195951647205143,0.03351044389995776,1.733893499293329,1.4327975402981437,97.73018574545742,1
903,179.45117676751212,500.591415083723,0.8050949269368891,19.019621567392267,0.2387018501668183,0.5237791846075789,0.020709622322905467,0.11134981040924401,2.9198974044234447,1.2039345765482878,129.52179086405454,2
904,93.34640315624618,501.49569227600387,0.8176002109601397,13.663960243578078,0.07097361237488627,0.4168077657367508,0.014724874597352845,0.04554433342606943,1.6232738113651775,1.4846247905687084,95.44058482699043,1
905,447.549218364735,501.87301133362087,0.9009692686049335,13.59963603275705,0.13871584890693173,0.48531814533488904,0.014388208721536733,0.03969813089768932,1.7151076133778929,1.3534079691867695,-138.8259847715543,1
906,364.6827877301104,503.44022355117676,0.872621072129673,19.993420592146705,0.1354844730640909,0.49742222881063125,0.013192713727763485,0.047409452524250904,2.462460423690631,1.4298184518220258,103.79167610263806,2
907,263.2350553356522,503.7787108337385,0.8817026541321248,13.915727584517393,0.13226476283801125,0.4693003146859943,0.014979482140697687,0.03994732173183443,1.7082858845073994,1.5064305306356878,59.07966186436413,1
908,77.66879429697163,504.89806380254464,0.9402115135668262,13.535381815636594,0.1354844730640909,0.49874547632603405,0.013443924761179187,0.03233844059394237,1.657376049872378,1.3873057685824262,89.12513183389477,1
909,553.0613178302824,505.2902312719525,0.7993397357981736,12.183441823569211,0.13871584890693173,0.3996633567871402,0.010266048406161035,0.030057354692866096,1.802999831565301,1.4097886846084475,46.35827783457673,1
910,500.93774631759726,505.4111264822679,0.8067638564290839,13.438230559249668,0.07097361237488627,0.42262183463814706,0.013272915173058435,0.036399289920578747,1.6388365845101303,1.4486838642876965,-177.68592072104303,1
911,126.48803493544611,505.5273625279757,0.8096332771376331,12.98670119689228,0.08387578451272719,0.4140960115011354,0.016360291264648014,0.054911604017856906,1.5750872438571966,1.4518881924080087,133.2378052272955,1
912,313.17395129525806,505.5547731614394,0.8464715366012238,14.555190032897038,0.06451086068920464,0.43537717632546724,0.014385182928735151,0.03901025862979436,1.6223939527186866,1.5170587028190539,114.1846819888627,1
913,481.1943391739007,506.6889973000953,0.7387590273962971,11.986654534425236,0.13226476283801125,0.41482404162393294,0.010203585469903912,0.03211922870152521,1.7342300921274298,1.4410216524930206,147.5917654332019,1
914,25.854317859400915,507.9314161802036,0.9927467204362757,18.673771027274213,0.16452019318261357,0.612436648079836,0.010516416390830485,0.023117112163394373,1.8200569120011871,1.5411861470817212,124.3599914401901,2
915,296.0136399757503,508.10842962585707,0.9896293177763945,15.316534845197264,0.10321737710272742,0.5210616014009865,0.012422283216822956,0.02526777734138624,1.5802090752049318,1.5039146031932618,52.07200550257349,1
916,211.0796754496279,508.29966921180335,0.8766902755310383,21.77991647418399,0.17420265509437483,0.5212121965932436,0.016378464891008235,0.07717054545218592,2.7223453310665735,1.3447797595590603,121.48969882141319,2
917,398.0904132238394,508.91329034488973,0.9496501614027524,18.422038683185182,0.13226476283801125,0.5213345527294893,0.010774730388956572,0.027705964342692038,2.1144340673227866,1.4719209034233962,102.84633728827015,2
918,110.73067318871229,509.40451316403426,0.8412178315586245,12.922680292107046,0.14838664520193182,0.45729973741152186,0.010526537165784711,0.03257303663856607,1.710569055737648,1.4323962502325496,93.61766794419292,1
919,158.75037249976668,510.44896861231757,0.7478797440525378,11.948297986514548,0.09677795665056811,0.38534281600728215,0.01203885005577782,0.03972324652043861,1.6253940450164677,1.4516839884272246,131.0432048227334,1
920,346.2372867033254,510.6971244336653,0.7574489302066487,13.083899115746249,0.07419332260096592,0.41020317372236326,0.012153071863995639,0.032719834849910784,1.6221100420517058,1.4831582318646748,132.57703843336878,1
921,534.8461031141649,511.71572361056354,0.775534225621889,13.474090665173467,0.07419332260096592,0.41054403826665753,0.01063860366976378,0.028688145031534076,1.666458306921332,1.4718958737429424,-135.75636093302506,1
922,244.5678620616324,511.8374101222262,0.8085138488415882,20.935232495742053,0.2096777956650568,0.5432203098777604,0.014107039287366323,0.11810279502409793,2.5029945041629853,1.35845243173253,110.01035775359352,2
923,329.1712903023063,512.3017694670914,0.8918922061302692,14.78082639229136,0.11289983901448869,0.4824094650266011,0.012609182262727591,0.03166199063383435,1.7200289296387512,1.4532119898685896,97.50112777866224,1
924,513.3282260927084,512.3522062988536,0.5135215688732085,9.335993093954878,0.0903152049648865,0.26702645025936933,0.006237634039579514,0.031373715790732025,1.823563777710255,1.5018048315064232,61.0195207016093,0
925,58.43668252591143,513.5692778614168,1.0,24.71881197358904,0.14516693497585217,0.6838093316957359,0.015134795160751252,0.044143288110375344,2.0554107465166767,1.4453296772781594,128.64113736503788,2
926,431.5095986778795,514.1221862456521,0.8371031492915529,17.96726627936819,0.13226476283801125,0.4701946519098078,0.014681172485501583,0.048915648785122175,2.306876019691031,1.466369371265082,67.7440224772533,2
927,143.7607265280371,514.39349648359,0.8207375569147389,12.835001516530179,0.14516693497585217,0.4468488230952123,0.01097826082587994,0.035107892040892166,1.767998889654288,1.4048775519298162,133.2876127599387,1
928,8.014534032393959,515.730092052796,0.8369698492302611,12.696810620377498,0.07419332260096592,0.4305682622206303,0.011863909795203112,0.029334756184962164,1.5504866671715487,1.4793123796330523,-154.04409940952476,1
929,379.8856355866927,515.919233542758,0.7790755061434665,13.109260166585006,0.07097361237488627,0.4020157360002548,0.00978687725566058,0.024404798317646838,1.639355800898784,1.4869028665373172,128.10443408049912,1
930,192.37549902363358,515.9621438922267,0.8398247297963592,12.838757845127272,0.08064440866988637,0.4123607600117526,0.01267960379948,0.033408121470910636,1.6479755497938697,1.463726538880677,109.16087892521011,1
931,362.3771927287188,516.8694366227598,0.7369898311769257,12.503184713375797,0.16128881733977274,0.4115313329265131,0.009299638121189013,0.034501566797512664,1.9466872244046194,1.4370162260388388,110.69189244150849,1
932,545.6373667660527,517.1208897956205,0.8296354062275509,13.177002403117054,0.12581367676909078,0.4453588569344267,0.01247273774344989,0.035342729992285195,1.7010941465595806,1.4520518213191365,-140.7700618957262,1
933,91.84535239616437,517.7800821182435,0.954009283326333,18.863827255547,0.17420265509437483,0.5838329009237145,0.013500593316128524,0.038557310209011667,2.0657562339583575,1.3894031609148916,130.36339768598583,2
934,277.5211179816555,517.8475278884686,1.0,21.90904318611325,0.20000699937005667,0.6539126249438874,0.015028155309724935,0.05025166782629438,2.121800707106274,1.3562886484908427,111.51775116263856,2
935,177.17216834401933,518.6540805929417,0.7567004706682622,13.032197102260795,0.14193555913301137,0.41788466201704166,0.009207365683403974,0.03274696521346507,1.9707850690733948,1.3406688095462023,123.37264651016518,1
936,464.9947455120056,518.905752464991,0.9219479802565442,18.722055015048646,0.14516693497585217,0.5207120341085654,0.014311804937060368,0.040384460513074955,2.3158062337184147,1.3879626133778453,61.29925252982672,2
937,39.296185713962814,520.6579419613656,0.7672241339348025,12.754485429644664,0.08387578451272719,0.40483731368069775,0.012867902363882583,0.038630610167745,1.6679587725428142,1.4778065430667848,65.11502136056603,1
938,225.70521203479174,521.1419872869965,0.7705158407136943,12.880579081216023,0.08064440866988637,0.39662191941795644,0.011992184547609143,0.03332591726716101,1.6454579284015325,1.4902577714162193,117.89600590848626,1
939,413.3116764368774,521.2074542034868,0.7702503116875249,13.096311331980122,0.07097361237488627,0.400219652364589,0.011105797562124082,0.03097341256376368,1.6086552552390212,1.4884669653084843,-152.07806596151468,1
940,310.73929434466106,521.5949157031023,0.7985699821845922,20.664310212080913,0.1967756235272159,0.5262984308603125,0.013352928107915078,0.12328785751335475,2.576439643512416,1.318247548091209,104.33347620201243,2
941,395.3691411776786,521.690861556755,0.6684067330164497,11.180397097594549,0.16452019318261357,0.37465537355363043,0.006800491214482613,0.029626464639394078,1.89227176243734,1.4125336842996177,110.77506130114296,1
942,210.49363014122503,522.6586883196533,0.5978842347157507,11.015806910711369,0.16452019318261357,0.3276625615930677,0.007990533626981235,0.0610673758264769,2.239199027025949,1.3209004230017702,107.20181956684942,1
943,123.6638617361002,523.4191586095285,0.9461060654364073,19.34156925876671,0.24516460185249994,0.6235312858592298,0.01541696916616588,0.0620283637063384,2.306234208747767,1.2851887529027806,135.9260829562551,2
944,527.7671695721415,523.5693627227764,0.8368141799721432,13.999883343832387,0.10968012878840905,0.434377509165097,0.017419750056584558,0.053638295885704824,2.2410157928611674,1.3221195893702442,50.25656463035256,1
945,498.2420034576541,524.5327820121008,0.900116068547609,17.806654067800565,0.11935092508340917,0.5102716197266026,0.013556273111255424,0.04083694230320711,1.9396612436177,1.4742965650405238,68.42700636059745,2
946,73.25502187015279,526.0378432258616,0.8748221321536302,12.996908611558293,0.0935465808077273,0.4459969462374248,0.011714557688629328,0.028174322825119155,1.6452426180532584,1.4323976814596935,99.5754210980956,1
947,259.16064864437925,526.2547551851117,0.7667247697933257,14.474172324490794,0.06774223653204545,0.40957532778715444,0.010356296446494807,0.028505614220815587,1.7504921338745225,1.5444274475381565,93.7741409524602,1
948,446.930975211055,526.4053158533194,0.8303817749908292,13.626140314038404,0.07741303282704556,0.4273060254777682,0.013781145765892918,0.037055706951891774,1.6313432998887092,1.4486124975062884,-144.28163701839458,1
949,23.545171863953026,526.6392906626196,0.9152449602820949,15.767994213854088,0.0935465808077273,0.49562993458646465,0.015353546125953282,0.04336020282490494,1.673922558713913,1.5285480047264879,74.83017854249661,1
950,428.0818100123891,527.6060139427219,0.851108711344273,13.906710062761016,0.11935092508340917,0.44616774812863436,0.01276760390206568,0.03889764076476056,1.8250524865303146,1.4698759992995307,79.02462957815767,1
951,156.78577990759942,528.4344266408918,0.8964724452618313,18.89675929166375,0.2741886563542615,0.5822451015685042,0.019967375540845482,0.10676665580491403,2.5857395269213583,1.2263603517307735,132.80340373815574,2
952,243.2152796872499,528.6985747513053,0.788670503460975,13.760504887893422,0.14194722474977253,0.4331135361327324,0.010783615173297147,0.03491752033847536,1.8751635889565121,1.4816964778272645,84.88951209000507,1
953,377.35345091213355,529.3651482209397,0.8970925267714833,16.283824455798978,0.1354844730640909,0.4831584034265761,0.01721880796161062,0.05150385384626295,1.9884862989383938,1.4656308081881904,108.77547537508275,1
954,343.299915797682,529.5267620800621,0.8680498300492193,17.89303795991694,0.12581367676909078,0.49069127955953934,0.010150296766481591,0.035107258454381916,2.0765535129085038,1.462705173476168,103.96814363050339,2
955,532.0702460237079,530.6104528793082,0.8074153234303841,14.58087772100511,0.11289983901448869,0.4399391479060848,0.011789630460464386,0.03611409848534738,1.885739676788754,1.4016278311352175,54.81781757841013,1
956,56.49144974244313,530.8718889452095,0.8707292331265026,14.913126151979657,0.10644875294556824,0.4705912961743547,0.013829731206829862,0.039223499795111,1.8033164648484858,1.485558990047878,79.71611652874186,1
957,104.56401491711182,530.9415628828029,0.7993146863797207,12.748839271132262,0.0903152049648865,0.41610272595062875,0.01304598959910639,0.037760000565409776,1.598463316896166,1.4935870782520555,108.7828719181222,1
958,191.64723499333033,531.265590343735,0.8077980714523421,19.632019784886026,0.14838664520193182,0.4809850973007879,0.018371031041527715,0.07629247614638472,2.5277734295550314,1.393815017265627,124.72496852101837,2
959,292.0516819316384,531.5232141473075,0.7751305115513596,12.883437157322508,0.08387578451272719,0.3898022749715909,0.011401677294223311,0.03574842497960244,1.639434199177599,1.5188390920557173,117.64797590670833,1
960,480.20916396600023,531.8088542144533,0.8642112461607767,13.174540957980447,0.07741303282704556,0.43964265498947497,0.013428189653833618,0.032030127053599,1.5742553790177545,1.404376278269364,59.0099125005222,1
961,460.41453841371987,532.8602461636527,0.8832983997662422,14.061582790882154,0.11935092508340917,0.4728556388643027,0.015230023236405483,0.04131505293569932,1.6523060937571719,1.5025107069290302,55.61556304326346,1
962,4.666253327135357,534.3076677126265,1.0,21.231375842840812,0.15484939688761346,0.6302585343454855,0.011485832355602707,0.02692800825539408,1.7899734725998093,1.553182933572574,155.72601078633812,2
963,275.8119984835086,534.7208546039105,0.47416394030752973,7.6900562282727885,0.09032687058164765,0.22608671112707684,0.006124327849089967,0.030999085869492113,1.6787540957513625,1.5641504455342932,66.91065367513666,0
964,410.18324106105496,535.0213462483749,0.9044237838467386,17.093009962436717,0.15161802104477262,0.48400355523296223,0.013645195420581884,0.044005186849573975,2.237455868122684,1.480244628474714,88.93579216822353,2
965,89.38353829533132,535.7326973057166,0.9196929464861376,14.45869205104874,0.11611954924056835,0.49376956157382756,0.01677255424197907,0.044185312197876934,1.663469309330786,1.4529005356496834,97.31314048903518,1
966,224.62621596842104,536.3075376676832,0.8568354606492059,19.670796295000116,0.14838664520193182,0.5039660620066375,0.01732765036597099,0.06365042053308659,2.3995329605215834,1.4166125864303452,125.54200659388968,2
967,138.07164980425694,536.7978761428608,0.7989970282245368,13.774550290473858,0.07741303282704556,0.4224561836772277,0.009976138748869384,0.025067605556649542,1.6317835743193339,1.5050100484022433,125.17850774076088,1
968,325.14489442059687,536.8129525264856,0.7635758695094568,13.090408529898976,0.08709549473880684,0.4113207514953936,0.010194626297587309,0.026097560843947876,1.5726059183620416,1.5368054350420324,61.681419791269136,1
969,513.6667956651146,536.9505428703677,0.8141444275296079,13.49667529922307,0.07419332260096592,0.42556511879731707,0.011258957486066267,0.029399876559571866,1.6414208470647138,1.4635356982468217,-145.5820358873544,1
970,493.8104769078961,537.5022602253637,0.6999886252648229,12.650824759105015,0.12904505261193158,0.38982057956743754,0.008611981681218114,0.03498415279948074,1.9200425433180823,1.439668443699289,88.31458379240445,1
971,308.0508400101772,538.4005417441443,0.823980741257158,13.850703436690697,0.12904505261193158,0.44442610082339723,0.010650598734597321,0.03249072733696542,1.84660842352366,1.418797861696202,72.15698804817467,1
972,37.42115354246072,539.07216778887,0.9966664128832605,21.93513917080796,0.17097127925153405,0.6517749660729886,0.014780143132976794,0.039294679199293456,1.9399533519311465,1.4924248628563115,138.43067789799886,2
973,122.63318506670598,540.1558586949461,0.9093279854530129,13.799514710342736,0.12581367676909078,0.48756854525772164,0.013491188110943396,0.03401363277547979,1.614019799834173,1.4672291118115717,77.26032282316073,1
974,358.27429714241754,542.005232300387,0.8332982155812224,13.209561139497445,0.07419332260096592,0.424200281988436,0.011843013192507896,0.029171191945552948,1.5590915594961037,1.5069937300935206,163.8775763560841,1
975,171.11489051727816,542.1464992277455,0.8199334973355756,14.238281887963415,0.07097361237488627,0.4320774277088829,0.010652697279411958,0.025978959875097477,1.6660593517828595,1.5067806929915766,107.0609229914943,1
976,547.3100015624026,542.1591587520812,0.6496985504045998,10.870628310118756,0.07097361237488627,0.34665100207569033,0.008848255149992946,0.02951988994310995,1.6967004284301843,1.42417038187498,58.584631368895536,1
977,526.6052020536465,542.8583151821085,0.7977554719848647,14.561874431301181,0.10966846317164788,0.4398982062252482,0.012045496442771891,0.038210460378762155,1.9553869907434982,1.4029012030790455,84.72094158598493,1
978,341.27641699392325,542.9808518247354,0.8503215326590934,13.728914397704207,0.1354844730640909,0.44589910225982476,0.010003135087848336,0.02821111515670525,1.887714298327867,1.403639725418575,86.37156004445438,1
979,443.42735969261156,544.2548774178462,0.8149629154305831,20.72831945124939,0.17420265509437483,0.5145678733302116,0.009983306597123985,0.06239982493502325,2.5172642423379292,1.395935339385775,79.96374776492364,2
980,70.07961242902304,544.2650937094481,0.9497648393444563,21.364188889666597,0.19032453745829542,0.6358328275596705,0.012639035857187628,0.04080814909992053,2.095012111682487,1.4186729931015318,119.19172206095182,2
981,155.90543534709192,544.908508605972,0.9015874286192638,13.773360397564218,0.12904505261193158,0.48257397857538276,0.01098783342067597,0.025737435921147037,1.6613291430654809,1.4425513665743297,107.74132211429362,1
982,256.02872166721585,545.5169441638559,0.8481173952744017,17.186976505447845,0.1354844730640909,0.4744691969367457,0.01183298590500531,0.038647588185003946,2.161726153400841,1.5084074906557814,129.70230768129167,2
983,18.712975839204578,547.1325613206243,0.7504153949976098,11.993933879284198,0.0903152049648865,0.39680152814621245,0.011294781054411682,0.03266972075904767,1.6477110438188023,1.4642779545264024,138.38580998057063,1
984,391.6825553252041,547.2161192135442,0.758364564738391,12.40974312311892,0.08709549473880684,0.4025165921892294,0.011327036029157883,0.032271164087535754,1.5525150972512063,1.4988087920527942,-164.1045107166565,1
985,204.3623518439348,547.4139161658787,0.7682809473950674,13.400363967242948,0.07741303282704556,0.40630133912897104,0.012511683475023253,0.038941086700574876,1.6184463542959646,1.495854124922614,122.04310537435369,1
986,374.6333250446973,548.0948350591419,0.799010168535158,12.448029677329039,0.1580691071136931,0.42289481955030483,0.009678702232745879,0.030860503056642,1.8652661958595866,1.3891297049516274,101.57506699496851,1
987,189.26688718217713,549.4398942010116,0.7793924721607175,12.009355824642451,0.1580691071136931,0.40699482101388085,0.011680090034066897,0.04228170888663892,1.8461961301547878,1.3549825883445286,115.94714782385611,1
988,102.94807237482455,549.4440188919123,0.9283195337429261,19.59307995613728,0.2193602575768181,0.6020191061587477,0.021033584711674755,0.07901202202144433,2.216424979098768,1.293385948807013,129.39864640433595,2
989,289.232720308879,549.6457624662582,0.8046852428517538,18.364177224049833,0.17097127925153405,0.4868355465634645,0.01004501484780107,0.041555172980615854,2.225313168373522,1.460542031866103,99.51953943576417,2
990,476.7371865030959,550.0147165399837,0.8029817714715084,19.14463031660484,0.13226476283801125,0.4624886035450394,0.011808198499855592,0.04941486674339997,2.3778774595744787,1.4532182053235523,74.46703940185441,2
991,51.44161088080992,552.1062554251959,0.7276053078185281,12.309815449942839,0.0935465808077273,0.3751790072121443,0.010986969942246527,0.03528569021406267,1.751874126095461,1.4171903037621678,113.21147359729993,1
992,425.21605278324313,552.2066532091179,0.7168594306634231,12.819182940202047,0.054840064394204524,0.37124181085260777,0.009327794210834493,0.02688291720617674,1.6516935599870575,1.553187367542273,56.826190881402624,1
993,237.73753220455103,552.4562344620359,0.750117767507408,12.787499125078744,0.07741303282704556,0.3712844109340495,0.012906015795105924,0.0432576027226455,1.6616974247933767,1.4969758718606958,107.63618984899226,1
994,2.876103669930786,552.496411137233,0.7489415525587314,11.961141830568582,0.11613121485732951,0.3533194628492652,0.010104420809067732,0.03596262041720345,1.601995578204376,1.4890039362551895,145.30251926657752,1
995,407.7188555511764,554.5477697085632,0.6547918987666826,8.645015281957958,0.18387345138937494,0.3681338431337774,0.007347406233967825,0.05450549352545979,1.7128205844155784,1.294110145624682,99.15032863090161,0
